dataset,model,entanglement,noise_level,n,mean_delta_pp,ci90_lo,ci90_hi,p_t,p_wilcoxon,shapiro_W,shapiro_p,p_tost_1pp,p_tost_0p5pp,p_t_holm,p_wilcoxon_holm,sig_t_holm,sig_w_holm,equiv_1pp,equiv_0p5pp
IoT,QSVC,full,0.0,30,-0.05333333333333116,-0.26095587910524165,0.15428921243857935,0.6657313371700875,0.7581810875840258,0.9076478401413919,0.012986802968045611,7.624592829518597e-09,0.0005053564654817788,1.0,1.0,False,False,True,True
IoT,QSVC,full,0.0003,30,-0.013333333333334826,-0.16974601999855288,0.1430793533318832,0.8858380892553217,0.8644064356306027,0.7592318355849939,1.2885339703905352e-05,6.684813210335651e-12,5.717036053240228e-06,1.0,1.0,False,False,True,True
IoT,QSVC,full,0.0005,30,-0.05777777777777956,-0.23935403578024397,0.12379848022468484,0.5928678833289888,0.49197376540352,0.8398375920363778,0.0003826537160448469,5.294124679114568e-10,0.00013729120014043154,1.0,1.0,False,False,True,True
IoT,QSVC,full,0.001,30,0.2200000000000002,0.04358030700244683,0.39641969299755353,0.0427890581638296,0.19714284933650994,0.8583806802227275,0.000933465072111596,1.3968176608718371e-08,0.0057700001583005315,1.0,1.0,False,False,True,True
IoT,QSVC,full,0.002,30,-0.1400000000000016,-0.3315078848746831,0.05150788487467989,0.2241400428628554,0.26351106879843933,0.9397333878111179,0.0894673848076929,1.0299414427966556e-08,0.0016846247707896639,1.0,1.0,False,False,True,True
IoT,QSVC,full,0.005,30,0.12222222222221986,-0.0077943911506601765,0.2522388355950999,0.12104726147229498,0.039648430576534256,0.9405878387795439,0.09433621242331451,1.342848812216686e-12,1.511026581351103e-05,1.0,1.0,False,False,True,True
IoT,QSVC,full,0.008,30,0.40444444444444244,0.11716229501257386,0.6917265938763111,0.023456209116731866,0.014496945766727394,0.9609620982406084,0.32774546496903356,0.000718589970619057,0.2881549681117721,1.0,0.7683381256365519,False,False,True,False
IoT,QSVC,full,0.01,30,-4.615555555555554,-7.481830892100376,-1.7492802190107324,0.010500660433597922,0.005489707648079003,0.9562231923384009,0.24728839439108197,0.9796959182192246,0.9894756477992077,0.5880369842814837,0.31291333594050313,False,False,False,False
IoT,QSVC,full,0.02,30,-0.033333333333333735,-0.1313572773671242,0.0646906107004567,0.5678634168410033,0.5929800980174267,0.34850363385774263,1.8495671130203515e-10,9.347739949632567e-17,3.199270090815531e-09,1.0,1.0,False,False,True,True
IoT,QSVC,full,0.05,30,0.0,0.0,0.0,1.0,1.0,,,0.0,0.0,1.0,1.0,False,False,True,True
IoT,QSVC,linear,0.0,30,0.02666666666666521,-0.12103602562161415,0.17436935895494457,0.7612139545665452,0.6830913983096087,0.7480205517663697,8.461251713247062e-06,2.390685412042122e-12,3.6836363294964974e-06,1.0,1.0,False,False,True,True
IoT,QSVC,linear,0.0003,30,-0.037777777777776946,-0.22502830409852634,0.14947274854297246,0.7342223070077175,0.5134857817928715,0.7797373436410682,2.862267685950651e-05,6.519477427911565e-10,0.00011776551109458965,1.0,1.0,False,False,True,True
IoT,QSVC,linear,0.0005,30,0.03777777777777732,-0.08080044696556926,0.1563560025211239,0.5924189186274542,0.23380951444938436,0.7072153266040981,1.990296504945206e-06,1.445469865290405e-14,1.4633464331195625e-07,1.0,1.0,False,False,True,True
IoT,QSVC,linear,0.001,30,0.031111111111110645,-0.08134513586361466,0.14356735808583596,0.641824544698455,0.3260541560588086,0.709788244677475,2.17266472836848e-06,3.1421656747383584e-15,4.277673463492845e-08,1.0,1.0,False,False,True,True
IoT,QSVC,linear,0.002,30,-0.17777777777777784,-0.3497253495140149,-0.005830206041540803,0.08951800765268261,0.10766638372497757,0.6582474467676761,4.0661789027841273e-07,2.9235507396108743e-09,0.0017279841210490596,1.0,1.0,False,False,True,True
IoT,QSVC,linear,0.005,30,-0.015555555555554582,-0.15020844564241495,0.11909733453130579,0.8457531287315346,0.7772974107895215,0.8513218829567766,0.0006609118438706988,1.9464000881925436e-13,5.843799182463418e-07,1.0,1.0,False,False,True,True
IoT,QSVC,linear,0.008,30,0.11111111111111333,-0.05666881816919894,0.2788910403914256,0.26971631164595294,0.3483963635938838,0.8237819179433841,0.00018361152437492854,3.389610511991143e-10,0.0002364416914369275,1.0,1.0,False,False,True,True
IoT,QSVC,linear,0.01,30,-0.046666666666666336,-0.14076006069821478,0.04742672736488212,0.4062924963568243,0.5402913746074198,0.6772318378880552,7.397358417589739e-07,4.574301916464355e-17,2.5064680314870053e-09,1.0,1.0,False,False,True,True
IoT,QSVC,linear,0.02,30,0.11333333333333338,-0.17990477793253362,0.4065714445992004,0.5165554158278016,0.6700034723121615,0.7449640138182725,7.558356946830528e-06,8.650289930265207e-06,0.016443265898544168,1.0,1.0,False,False,True,True
IoT,QSVC,linear,0.05,30,0.2111111111111112,-0.08770371982656527,0.5099259420487876,0.2396889103146903,0.34652171170610724,0.7189591484604705,2.980805319900715e-06,5.2799465505043916e-05,0.05562441877068756,1.0,1.0,False,False,True,False
IoT,QVE,full,0.0,30,0.03333333333333336,-0.1589738174258671,0.22564048409253382,0.7704614813421975,0.7835711252143678,0.8159772306019959,0.00013000549681359085,1.0387431178289885e-09,0.00014300749643865782,1.0,1.0,False,False,True,True
IoT,QVE,full,0.0003,30,-0.05333333333333375,-0.18596852757593219,0.07930186090926467,0.49988521848952083,0.4216900001399264,0.8732768730817927,0.0019832005592468746,3.5043501400975776e-13,1.7116479528413006e-06,1.0,1.0,False,False,True,True
IoT,QVE,full,0.0005,30,-0.02666666666666669,-0.19639264485009814,0.14305931151676474,0.7913892039720005,0.8326925829599735,0.9052718284542419,0.011329640974288454,5.923009452988758e-11,2.6221250862610824e-05,1.0,1.0,False,False,True,True
IoT,QVE,full,0.001,30,0.015555555555554582,-0.11722226418762609,0.14833337529873525,0.8436042461394796,0.711719370531277,0.812466641873435,0.0001115701139200954,1.378317017738586e-13,4.616101027494805e-07,1.0,1.0,False,False,True,True
IoT,QVE,full,0.002,30,0.059999999999999686,-0.05928095341509584,0.1792809534150952,0.3997315026342604,0.2767929554675851,0.8274362244100671,0.00021638138687662598,3.021684819452016e-14,3.831336867296893e-07,1.0,1.0,False,False,True,True
IoT,QVE,full,0.005,30,0.07333333333333265,-0.0943601344808754,0.24102680114754071,0.46343578509861294,0.17735075155012436,0.8546668808628406,0.0007776890739117272,1.3512890106470825e-10,8.26772222544179e-05,1.0,1.0,False,False,True,True
IoT,QVE,full,0.008,30,0.18888888888888883,-0.009037008936352675,0.38681478671413033,0.1157240026457296,0.05018447429540007,0.8719955472627444,0.0018561709188681516,5.900079855797853e-08,0.006138222590970887,1.0,1.0,False,False,True,True
IoT,QVE,full,0.01,30,-0.264444444444445,-0.5423612871727288,0.013472398283838893,0.11675804118195252,0.031341941391991056,0.891057063614902,0.0051110568314359376,5.118483220834699e-05,0.0802687170952184,1.0,1.0,False,False,True,False
IoT,QVE,full,0.02,30,-0.8488888888888909,-1.199435778687713,-0.49834199909006877,0.00029280876618491313,1.2890611297224734e-05,0.7254206561326224,3.738246742606865e-06,0.2348873713311172,0.9492294890973914,0.017275717204909873,0.0007605460665362593,True,True,False,False
IoT,QVE,full,0.05,30,0.002222222222220497,-0.11033234383004312,0.11477678827448412,0.9734684366417347,0.9290828384477927,0.7207648792933077,3.174543861350001e-06,1.508683303265488e-15,1.3890228384702873e-08,1.0,1.0,False,False,True,True
IoT,QVE,linear,0.0,30,-0.1955555555555555,-0.39591433900173323,0.004803227890622208,0.10801729565190617,0.24814067607745594,0.7088295912853784,2.1027285518624097e-06,8.58988884846522e-08,0.007573793151525147,1.0,1.0,False,False,True,True
IoT,QVE,linear,0.0003,30,0.0044444444444450655,-0.09055112701967968,0.09944001590856982,0.9371849223662971,0.7219759521099178,0.7375198156989742,5.760229793655018e-06,1.863441621876417e-17,4.728128217827743e-10,1.0,1.0,False,False,True,True
IoT,QVE,linear,0.0005,30,-0.30222222222222117,-0.5718563930529257,-0.032588051391516715,0.06680984016628683,0.07977367412402309,0.8684748853194488,0.0015495848353713887,6.743877357606478e-05,0.11131110280165736,1.0,1.0,False,False,True,False
IoT,QVE,linear,0.001,30,0.07555555555555611,-0.048142262341199074,0.1992533734523113,0.3079213081149661,0.447324365319415,0.4968429873167739,4.963030499332327e-09,1.1326262714537739e-13,1.2701253985363907e-06,1.0,1.0,False,False,True,True
IoT,QVE,linear,0.002,30,-0.06666666666666932,-0.18713489175523418,0.05380155842189553,0.35483537260458387,0.4231377320080498,0.6168611069223987,1.1797392666102008e-07,4.627117590173209e-14,5.861534387105629e-07,1.0,1.0,False,False,True,True
IoT,QVE,linear,0.005,30,0.07111111111111179,-0.05068829499722825,0.19291051721945185,0.32939585768068114,0.3260541560588086,0.7986072663948204,6.184503394583397e-05,6.853452518908848e-14,8.342233233647762e-07,1.0,1.0,False,False,True,True
IoT,QVE,linear,0.008,30,-0.042222222222223126,-0.1331807642364112,0.04873631979196496,0.4366757403765543,0.42587446100120396,0.8925760240004513,0.005555451211346853,1.6421898415851815e-17,1.0124431232024342e-09,1.0,1.0,False,False,True,True
IoT,QVE,linear,0.01,30,-0.031111111111109906,-0.22395308942355863,0.16173086720133883,0.7859360196771812,0.7770292397210615,0.7649327625413009,1.6024663235425708e-05,1.0492936126457545e-09,0.00013986155502958845,1.0,1.0,False,False,True,True
IoT,QVE,linear,0.02,30,-0.015555555555556433,-0.2201211977909165,0.18901008667980362,0.8980875580924511,0.7762932578544399,0.7943071860622414,5.171968160968541e-05,2.5663572552398593e-09,0.00018750252072925833,1.0,1.0,False,False,True,True
IoT,QVE,linear,0.05,30,0.18000000000000052,-0.1616498361993947,0.5216498361993958,0.3780538417737541,0.5405548641319784,0.6511785367423808,3.2708653243183054e-07,0.00016173981063399815,0.06117520732998623,1.0,1.0,False,False,True,False
IoT,QWE,full,0.0,30,0.27111111111111086,0.0684104682692922,0.4738117539529295,0.030643666580528542,0.03455197486618845,0.9454501981809723,0.12756752604749932,5.893971267745209e-07,0.032460233247481235,1.0,1.0,False,False,True,True
IoT,QWE,full,0.0003,30,0.1311111111111122,-0.01477136022235978,0.27699358244458416,0.13757502228136217,0.01213148735201052,0.6963529002514539,1.381346520790247e-06,2.5149153199120853e-11,8.894944004794282e-05,1.0,0.6551003170085681,False,False,True,True
IoT,QWE,full,0.0005,30,0.09333333333333489,-0.036287542220300575,0.22295420888697037,0.2310066739655966,0.20030250667049798,0.9088606583748444,0.013929294979868268,5.72251610082152e-13,5.058727329218914e-06,1.0,1.0,False,False,True,True
IoT,QWE,full,0.001,30,-0.1688888888888873,-0.3133745620778008,-0.024403215699973863,0.05654619373358905,0.0910717437075007,0.8701488583289412,0.0016880539496960906,5.532121334617836e-11,0.000266681606562378,1.0,1.0,False,False,True,True
IoT,QWE,full,0.002,30,-0.07777777777777735,-0.19788839316526047,0.042332837609705784,0.28026337210160895,0.20566388342839192,0.9224653928563448,0.03109107920235353,5.792213673582446e-14,8.578760035512014e-07,1.0,1.0,False,False,True,True
IoT,QWE,full,0.005,30,0.21333333333333165,0.09832673387630232,0.328339932790361,0.003751807848005963,0.00557394104438385,0.9742974239177774,0.6620399191317339,9.811698195854329e-13,0.00010524442159471558,0.2138530473363399,0.31291333594050313,False,False,True,True
IoT,QWE,full,0.008,30,0.057777777777778073,-0.06580075195799134,0.1813563075135475,0.43341114363718514,0.2254589210215563,0.9161086702937193,0.02128389512856387,6.896070818755706e-14,6.391157941167504e-07,1.0,1.0,False,False,True,True
IoT,QWE,full,0.01,30,0.4088888888888905,0.2312542224707172,0.5865235553070638,0.000508965376422174,0.0007608467806747507,0.9591111943485084,0.29393317835992594,2.06473982762095e-06,0.19531849085016645,0.029519991832486093,0.04412911327913554,True,True,True,False
IoT,QWE,full,0.02,30,2.571111111111116,1.967921347798419,3.174300874423813,5.644080492144698e-08,3.879899515846691e-06,0.968972421828148,0.5114548242774943,0.999937666885851,0.9999987434557802,3.3864482952868188e-06,0.00023279397095080144,True,True,False,False
IoT,QWE,full,0.05,30,-2.555555555555557,-4.739222109715917,-0.3718890013951972,0.056267451446039306,0.017290280592906253,0.4294775462154199,1.037679278620571e-09,0.8820485781942449,0.9397190658865126,1.0,0.8990945908311252,False,False,False,False
IoT,QWE,linear,0.0,30,0.0822222222222228,-0.005635105980834373,0.17007955042527995,0.12264576225891026,0.1232049114203401,0.6769075872130761,7.320846715103509e-07,2.0308706445288568e-17,3.2762922449035247e-09,1.0,1.0,False,False,True,True
IoT,QWE,linear,0.0003,30,-0.16666666666666716,-0.28636727705029313,-0.046966056283041194,0.02489019681127867,0.010792782163388177,0.5594613465330633,2.4187816079018243e-08,6.415085399885436e-13,2.6730948874768997e-05,1.0,0.5936030189863497,False,False,True,True
IoT,QWE,linear,0.0005,30,-0.031111111111109906,-0.1243516099366558,0.06212938771443598,0.5751176408509913,0.5076243443095237,0.7584467364981962,1.2506983013957948e-05,2.3369641357906266e-17,1.029534227559188e-09,1.0,1.0,False,False,True,True
IoT,QWE,linear,0.001,30,-0.06222222222222351,-0.17124231785565946,0.04679787341121244,0.3401846819028793,0.4133023795226214,0.5990929976448227,7.114800941375471e-08,3.274213206953605e-15,8.568485666485717e-08,1.0,1.0,False,False,True,True
IoT,QWE,linear,0.002,30,-0.048888888888889426,-0.13301586023196307,0.03523808245418422,0.3316054202366374,0.2438177729654606,0.8677339945232314,0.0014921941034402777,2.440812749020169e-18,2.609832292474345e-10,1.0,1.0,False,False,True,True
IoT,QWE,linear,0.005,30,-0.0200000000000015,-0.12278327181356065,0.08278327181355764,0.7433059923182428,0.7527618874278625,0.7490451088565562,8.788941343074609e-06,2.267884437079637e-16,4.724216269542066e-09,1.0,1.0,False,False,True,True
IoT,QWE,linear,0.008,30,-0.12888888888888875,-0.32342131581155936,0.06564353803378187,0.26949393468991145,0.19588388114631894,0.8128855775756474,0.00011361626058728988,1.088874190708631e-08,0.0014922141591791071,1.0,1.0,False,False,True,True
IoT,QWE,linear,0.01,30,0.031111111111111017,-0.13449225542021045,0.19671447764243247,0.7518576942202129,0.6236388261276493,0.6657072223472114,5.131432525200924e-07,3.773306730076933e-11,2.1449501938567347e-05,1.0,1.0,False,False,True,True
IoT,QWE,linear,0.02,30,0.04444444444444362,-0.09341777312223731,0.18230666201112455,0.5880417186361947,0.6778684441068372,0.6372169443665823,2.1447051764038723e-07,7.135003156942426e-13,2.303103737939095e-06,1.0,1.0,False,False,True,True
IoT,QWE,linear,0.05,30,0.11777777777777924,0.01738514169267527,0.21817041386288322,0.05570354751950203,0.041389404009149304,0.762049797421335,1.4346514413200562e-05,1.8900549023338997e-15,2.2183088387289863e-07,1.0,1.0,False,False,True,True
UNSW-2018,QSVC,full,0.0,30,0.0,0.0,0.0,1.0,1.0,,,0.0,0.0,1.0,1.0,False,False,True,True
UNSW-2018,QSVC,full,0.0003,30,-0.0022222222222212373,-0.005998060058960671,0.0015536156145181958,0.32558198801619365,0.31731050786291415,0.17961525210206075,7.76637667465555e-12,1.4279677573473206e-57,8.128775784007088e-49,1.0,1.0,False,False,True,True
UNSW-2018,QSVC,full,0.0005,30,0.0,-0.005431127025229555,0.005431127025229555,1.0,1.0,0.3472561540639837,1.803187003645419e-10,5.060491724848018e-53,2.6831786417312405e-44,1.0,1.0,False,False,True,True
UNSW-2018,QSVC,full,0.001,30,0.004444444444440994,-0.0031072312290392557,0.011996120117921245,0.32558198801643945,0.7054569861112734,0.4955333989782841,4.808123108981837e-09,8.128775784049828e-49,4.84806900153144e-40,1.0,1.0,False,False,True,True
UNSW-2018,QSVC,full,0.002,30,0.0044444444444469156,-0.004857434196004463,0.013746323084898295,0.4234950884931383,0.2216236024593935,0.6159823293087039,1.1502053406103292e-07,3.415839678137072e-46,2.0115475452698808e-37,1.0,1.0,False,False,True,True
UNSW-2018,QSVC,full,0.005,30,0.068888888888885,0.04147200594288837,0.09630577183488163,0.00019171704297053346,0.0005835493197459139,0.8501448683622073,0.0006243772291653121,8.766453664637972e-32,2.8244470381353105e-22,0.010736154406349873,0.03267876190577118,True,True,True,True
UNSW-2018,QSVC,full,0.008,30,0.0822222222222228,0.04511393669627027,0.11933050774817532,0.000754641540982083,0.0012265221155304598,0.9189318165370257,0.02516522603063647,7.765918925320934e-28,2.73287463259835e-18,0.04150528475401457,0.06745871635417529,True,False,True,True
UNSW-2018,QSVC,full,0.01,30,0.04888888888888906,-0.11637570463193389,0.21415348240971202,0.6190139706690823,0.40874700896643856,0.9363608510255108,0.07260922616768282,5.470338978571981e-11,3.465336176070872e-05,1.0,1.0,False,False,True,True
UNSW-2018,QSVC,full,0.02,30,0.0,0.0,0.0,1.0,1.0,,,0.0,0.0,1.0,1.0,False,False,True,True
UNSW-2018,QSVC,full,0.05,30,0.0,0.0,0.0,1.0,1.0,,,0.0,0.0,1.0,1.0,False,False,True,True
UNSW-2018,QSVC,linear,0.0,30,0.0,0.0,0.0,1.0,1.0,,,0.0,0.0,1.0,1.0,False,False,True,True
UNSW-2018,QSVC,linear,0.0003,30,0.0,0.0,0.0,1.0,1.0,,,0.0,0.0,1.0,1.0,False,False,True,True
UNSW-2018,QSVC,linear,0.0005,30,0.0,0.0,0.0,1.0,1.0,,,0.0,0.0,1.0,1.0,False,False,True,True
UNSW-2018,QSVC,linear,0.001,30,0.0,0.0,0.0,1.0,1.0,,,0.0,0.0,1.0,1.0,False,False,True,True
UNSW-2018,QSVC,linear,0.002,30,0.0,0.0,0.0,1.0,1.0,,,0.0,0.0,1.0,1.0,False,False,True,True
UNSW-2018,QSVC,linear,0.005,30,0.0,0.0,0.0,1.0,1.0,,,0.0,0.0,1.0,1.0,False,False,True,True
UNSW-2018,QSVC,linear,0.008,30,0.0,0.0,0.0,1.0,1.0,,,0.0,0.0,1.0,1.0,False,False,True,True
UNSW-2018,QSVC,linear,0.01,30,0.0,0.0,0.0,1.0,1.0,,,0.0,0.0,1.0,1.0,False,False,True,True
UNSW-2018,QSVC,linear,0.02,30,0.0,0.0,0.0,1.0,1.0,,,0.0,0.0,1.0,1.0,False,False,True,True
UNSW-2018,QSVC,linear,0.05,30,0.0,0.0,0.0,1.0,1.0,,,0.0,0.0,1.0,1.0,False,False,True,True
UNSW-2018,QVE,full,0.0,30,0.0,0.0,0.0,1.0,1.0,,,0.0,0.0,1.0,1.0,False,False,True,True
UNSW-2018,QVE,full,0.0003,30,0.0022222222222212373,-0.0015536156145181958,0.005998060058960671,0.32558198801619365,0.31731050786291415,0.17961525210206064,7.76637667465555e-12,1.4279677573473206e-57,8.128775784007088e-49,1.0,1.0,False,False,True,True
UNSW-2018,QVE,full,0.0005,30,0.0,-0.005431127025229555,0.005431127025229555,1.0,1.0,0.3472561540639837,1.803187003645419e-10,5.060491724848018e-53,2.6831786417312405e-44,1.0,1.0,False,False,True,True
UNSW-2018,QVE,full,0.001,30,0.004444444444443955,-0.003107231229038723,0.011996120117926633,0.3255819880162757,0.4496917979688909,0.49553339897830684,4.808123108984455e-09,8.128775784126303e-49,4.848069001577397e-40,1.0,1.0,False,False,True,True
UNSW-2018,QVE,full,0.002,30,0.004444444444443955,-0.0031072312290361193,0.01199612011792403,0.3255819880161117,0.25683925795785656,0.4955333989783065,4.8081231089844374e-09,8.128775784045094e-49,4.84806900152896e-40,1.0,1.0,False,False,True,True
UNSW-2018,QVE,full,0.005,30,0.008888888888886429,-9.028245867186493e-05,0.017868060236444723,0.10329970911253414,0.2382692693463746,0.5856437124977956,4.897489987583207e-08,1.3978817310486293e-46,9.405867869333636e-38,1.0,1.0,False,False,True,True
UNSW-2018,QVE,full,0.008,30,0.011111111111110628,-0.013228176272620188,0.03545039849484144,0.44422533876971604,0.25432069949702585,0.8430921433912522,0.0004459179930981527,5.021905768660936e-34,2.885046986409909e-25,1.0,1.0,False,False,True,True
UNSW-2018,QVE,full,0.01,30,0.0022222222222227175,-0.02519466072377339,0.029639105168218827,0.8914139379342618,0.8639417715305239,0.8885522933034222,0.00445842769326157,1.1986349483668432e-32,5.008952074824894e-24,1.0,1.0,False,False,True,True
UNSW-2018,QVE,full,0.02,30,-0.08666666666666822,-0.1491010093955672,-0.024232323937769237,0.02529679266644927,0.04671940151308253,0.9559788710107262,0.2436669446547572,2.107011610009069e-21,2.142614435253796e-12,1.0,1.0,False,False,True,True
UNSW-2018,QVE,full,0.05,30,0.004444444444444695,-0.004857434196005204,0.013746323084894594,0.4234950884932944,0.31731050786291415,0.6159823293087092,1.1502053406105089e-07,3.415839678121102e-46,2.011547545260361e-37,1.0,1.0,False,False,True,True
UNSW-2018,QVE,linear,0.0,30,0.0,0.0,0.0,1.0,1.0,,,0.0,0.0,1.0,1.0,False,False,True,True
UNSW-2018,QVE,linear,0.0003,30,0.0,0.0,0.0,1.0,1.0,,,0.0,0.0,1.0,1.0,False,False,True,True
UNSW-2018,QVE,linear,0.0005,30,0.0,0.0,0.0,1.0,1.0,,,0.0,0.0,1.0,1.0,False,False,True,True
UNSW-2018,QVE,linear,0.001,30,0.0,0.0,0.0,1.0,1.0,,,0.0,0.0,1.0,1.0,False,False,True,True
UNSW-2018,QVE,linear,0.002,30,0.0,0.0,0.0,1.0,1.0,,,0.0,0.0,1.0,1.0,False,False,True,True
UNSW-2018,QVE,linear,0.005,30,0.0,0.0,0.0,1.0,1.0,,,0.0,0.0,1.0,1.0,False,False,True,True
UNSW-2018,QVE,linear,0.008,30,0.0,0.0,0.0,1.0,1.0,,,0.0,0.0,1.0,1.0,False,False,True,True
UNSW-2018,QVE,linear,0.01,30,0.0,0.0,0.0,1.0,1.0,,,0.0,0.0,1.0,1.0,False,False,True,True
UNSW-2018,QVE,linear,0.02,30,0.0,0.0,0.0,1.0,1.0,,,0.0,0.0,1.0,1.0,False,False,True,True
UNSW-2018,QVE,linear,0.05,30,0.0,0.0,0.0,1.0,1.0,,,0.0,0.0,1.0,1.0,False,False,True,True
UNSW-2018,QWE,full,0.0,30,0.0,0.0,0.0,1.0,1.0,,,0.0,0.0,1.0,1.0,False,False,True,True
UNSW-2018,QWE,full,0.0003,30,0.006666666666666672,0.0003562673107085409,0.012977066022624804,0.08307466551442909,0.10247043485974937,0.34671047671703425,1.7832852565325952e-10,4.760060904467199e-51,3.0532100829936194e-42,1.0,1.0,False,False,True,True
UNSW-2018,QWE,full,0.0005,30,0.004444444444445435,-0.0008025227474922347,0.009691411636383105,0.16078820842587654,0.15729920705028502,0.27537524707197014,4.401719843571043e-11,2.118028211402247e-53,1.2793650519747068e-44,1.0,1.0,False,False,True,True
UNSW-2018,QWE,full,0.001,30,-0.002222222222219757,-0.008836909828868483,0.0043924653844289695,0.5725145639418752,1.0,0.43319965688814477,1.12765265767602e-09,1.6379073697389658e-50,9.207262078443983e-42,1.0,1.0,False,False,True,True
UNSW-2018,QWE,full,0.002,30,1.4802973661668755e-15,-0.007680773498053038,0.007680773498055999,0.999999999999741,0.7054569861112734,0.514033794534372,7.5639261561495e-09,1.1676771667601558e-48,6.114692781104565e-40,1.0,1.0,False,False,True,True
UNSW-2018,QWE,full,0.005,30,0.013333333333333345,0.0007125346214178589,0.02595413204524883,0.0830746655144111,0.07923197027281548,0.7329148195841888,4.879789465106343e-06,3.053210082988153e-42,2.2644384958229898e-33,1.0,1.0,False,False,True,True
UNSW-2018,QWE,full,0.008,30,0.07111111111111217,0.04626209744864837,0.09596012477357596,3.7177731651679e-05,0.00016869477376910233,0.9340490715824683,0.06295754460639484,5.5405686372922795e-33,2.0799330833992703e-23,0.002119130704145703,0.009615602104838833,True,True,True,True
UNSW-2018,QWE,full,0.01,30,0.1333333333333305,0.10511236948314326,0.16155429718351774,7.47004007509951e-09,1.0315339562833816e-05,0.9159777270427669,0.021119838747966645,1.5794163796676607e-30,5.554361043947589e-20,4.3326232435577164e-07,0.0006086050342071951,True,True,True,True
UNSW-2018,QWE,full,0.02,30,0.826666666666665,0.708098807243378,0.945234526089952,1.2380203246782748e-12,1.7191759138770554e-06,0.9081845021671049,0.013395292565489086,0.009508570862693466,0.9999692643018046,7.428121948069648e-11,0.00010315055483262333,True,True,True,False
UNSW-2018,QWE,full,0.05,30,65.34444444444445,54.92700044297907,75.76188844590983,1.5249809690239326e-11,1.8001290894419185e-05,0.5605823600641796,2.4915621530351652e-08,0.999999999989092,0.999999999990884,8.997387717241202e-10,0.0010440748718763128,True,True,False,False
UNSW-2018,QWE,linear,0.0,30,0.0,0.0,0.0,1.0,1.0,,,0.0,0.0,1.0,1.0,False,False,True,True
UNSW-2018,QWE,linear,0.0003,30,0.0,0.0,0.0,1.0,1.0,,,0.0,0.0,1.0,1.0,False,False,True,True
UNSW-2018,QWE,linear,0.0005,30,0.0,0.0,0.0,1.0,1.0,,,0.0,0.0,1.0,1.0,False,False,True,True
UNSW-2018,QWE,linear,0.001,30,0.0,0.0,0.0,1.0,1.0,,,0.0,0.0,1.0,1.0,False,False,True,True
UNSW-2018,QWE,linear,0.002,30,0.0,0.0,0.0,1.0,1.0,,,0.0,0.0,1.0,1.0,False,False,True,True
UNSW-2018,QWE,linear,0.005,30,0.0,0.0,0.0,1.0,1.0,,,0.0,0.0,1.0,1.0,False,False,True,True
UNSW-2018,QWE,linear,0.008,30,0.0,0.0,0.0,1.0,1.0,,,0.0,0.0,1.0,1.0,False,False,True,True
UNSW-2018,QWE,linear,0.01,30,0.0,0.0,0.0,1.0,1.0,,,0.0,0.0,1.0,1.0,False,False,True,True
UNSW-2018,QWE,linear,0.02,30,0.0,0.0,0.0,1.0,1.0,,,0.0,0.0,1.0,1.0,False,False,True,True
UNSW-2018,QWE,linear,0.05,30,0.0,0.0,0.0,1.0,1.0,,,0.0,0.0,1.0,1.0,False,False,True,True
UNSW-NB15,QSVC,full,0.0,30,0.02666666666666706,-0.07575004708529527,0.12908338041862938,0.6614755672311114,0.8584626501256489,0.6377765119287491,2.1808683536858657e-07,2.469656761042969e-16,5.822892994121869e-09,1.0,1.0,False,False,True,True
UNSW-NB15,QSVC,full,0.0003,30,-0.055555555555556836,-0.17941423023137526,0.0683031191202616,0.4521390278934233,0.26956571489403647,0.8420647147660031,0.00042482461453546947,6.880426899474079e-14,6.105057143858553e-07,1.0,1.0,False,False,True,True
UNSW-NB15,QSVC,full,0.0005,30,0.028888888888889408,-0.10164848736966897,0.1594262651474478,0.7096319540252404,0.675721758807148,0.8512705430380474,0.0006592717932864209,1.2679944774373746e-13,5.545278986024714e-07,1.0,1.0,False,False,True,True
UNSW-NB15,QSVC,full,0.001,30,0.06000000000000005,-0.08936586764387089,0.209365867643871,0.5003160977600826,0.7644003080181461,0.7549511204445419,1.0959838135224167e-05,7.062077393263474e-12,1.2498853861903274e-05,1.0,1.0,False,False,True,True
UNSW-NB15,QSVC,full,0.002,30,-0.06888888888889018,-0.18339210915223614,0.045614331374455794,0.3151147595718764,0.5312372827541909,0.8384854876542872,0.0003592391007665642,1.3705941028700722e-14,2.6939555402305405e-07,1.0,1.0,False,False,True,True
UNSW-NB15,QSVC,full,0.005,30,0.2599999999999991,0.012758418418947093,0.5072415815810511,0.08442725061598076,0.005466151182256868,0.8183880568265525,0.000144522734723142,9.999350829386172e-06,0.05493300283540366,1.0,0.3115706173886415,False,False,True,False
UNSW-NB15,QSVC,full,0.008,30,0.49333333333333385,-0.3176632424325181,1.3043299090991858,0.30987190594098946,0.2638214793328103,0.8513645373539342,0.0006622777304190161,0.14860664480591454,0.4944758196408786,1.0,1.0,False,False,False,False
UNSW-NB15,QSVC,full,0.01,30,-0.015555555555553902,-1.3083883535235163,1.2772772424124084,0.9838290847143614,0.5234518001991806,0.729345858400428,4.295919188517673e-06,0.1029684087834705,0.2646607174138061,1.0,1.0,False,False,False,False
UNSW-NB15,QSVC,full,0.02,30,3.7511111111111104,1.8766881427739384,5.625534079448283,0.0019789200604401875,0.0028648155524898344,0.8003864329336683,6.66320831366792e-05,0.9907057823352127,0.9968635685203959,0.11675628356597106,0.1661593020444104,False,False,False,False
UNSW-NB15,QSVC,full,0.05,30,0.0,0.0,0.0,1.0,1.0,,,0.0,0.0,1.0,1.0,False,False,True,True
UNSW-NB15,QSVC,linear,0.0,30,0.21555555555555586,-0.14807384546241606,0.5791849565735278,0.32215781082799033,0.26320253153738693,0.7244959685026429,3.6183810239308403e-06,0.0004920008362752403,0.09708547928942127,1.0,1.0,False,False,True,False
UNSW-NB15,QSVC,linear,0.0003,30,-0.2755555555555552,-0.5391601794456973,-0.011950931665413222,0.08620106371781153,0.1679565842324926,0.48032159144261743,3.339736544424652e-09,3.1748067726756754e-05,0.07935062275830188,1.0,1.0,False,False,True,False
UNSW-NB15,QSVC,linear,0.0005,30,0.10222222222222206,-0.09176356517191096,0.2962080096163551,0.3779627139324713,0.6858304344516057,0.34702163462320845,1.7946052258927072e-10,5.6633127621229874e-09,0.0007946331860061595,1.0,1.0,False,False,True,True
UNSW-NB15,QSVC,linear,0.001,30,-0.11555555555555579,-0.44951172446610027,0.21840061335498867,0.5611287300435281,0.34596459440308147,0.6696248377815257,5.805726092388812e-07,5.077555307822167e-05,0.03007927778389606,1.0,1.0,False,False,True,True
UNSW-NB15,QSVC,linear,0.002,30,0.011111111111110258,-0.3107528608692149,0.33297508309143536,0.9536285893605332,0.8588323362422003,0.6381126174157583,2.2028992231500163e-07,6.874064434854637e-06,0.007590894578734319,1.0,1.0,False,False,True,True
UNSW-NB15,QSVC,linear,0.005,30,-0.03333333333333336,-0.23242321982157363,0.16575655315490692,0.7780623032787987,0.6093677710590218,0.5275322386114571,1.0603158402687108e-08,2.1369106231133197e-09,0.00020961870247978995,1.0,1.0,False,False,True,True
UNSW-NB15,QSVC,linear,0.008,30,0.10222222222222244,-0.1396144256027395,0.3440588700471844,0.4783769467065353,0.6001794871405538,0.5309808715832631,1.157041527277732e-08,3.435900855918406e-07,0.004556784990198029,1.0,1.0,False,False,True,True
UNSW-NB15,QSVC,linear,0.01,30,0.05555555555555499,-0.03303731965651973,0.1441484307676297,0.2954396507734539,0.39718047121992006,0.6377739223808011,2.1806995222665797e-07,1.1815122921807076e-17,1.082986124651536e-09,1.0,1.0,False,False,True,True
UNSW-NB15,QSVC,linear,0.02,30,0.0955555555555554,-0.04593372961351044,0.23704484072462123,0.2605478946626364,0.3454475304692257,0.41993099584551963,8.397696423044999e-10,4.901242730150905e-12,1.8875925263767058e-05,1.0,1.0,False,False,True,True
UNSW-NB15,QSVC,linear,0.05,30,-0.39111111111111063,-0.7939577352504374,0.011735513028216127,0.10981067518432101,0.17295491798842066,0.41176365576133733,7.020043559114628e-10,0.007819703765438503,0.32473163562544144,1.0,1.0,False,False,True,False
UNSW-NB15,QVE,full,0.0,30,0.05555555555555647,-0.04504254272262222,0.15615365383373514,0.35581599391574015,0.34426654809108104,0.742368832438633,6.871892543613959e-06,3.399300332413367e-16,1.4169798032217192e-08,1.0,1.0,False,False,True,True
UNSW-NB15,QVE,full,0.0003,30,0.09555555555555466,-0.02908654175307497,0.2201976528641843,0.20295520076415535,0.12052807945530404,0.8102690050191735,0.0001014587464482072,2.339708950042083e-13,3.048107209491801e-06,1.0,1.0,False,False,True,True
UNSW-NB15,QVE,full,0.0005,30,-0.013333333333333345,-0.16191213447242922,0.13524546780576255,0.8798657246066286,0.9552997932826734,0.8915165235699032,0.005241370386629231,1.9914042019790976e-12,2.638928773019412e-06,1.0,1.0,False,False,True,True
UNSW-NB15,QVE,full,0.001,30,-0.09999999999999935,-0.22201918619927083,0.022019186199272123,0.17435449504555373,0.716933033551757,0.7146455438222181,2.5669312640958852e-06,1.566133525058227e-13,2.6056933907836836e-06,1.0,1.0,False,False,True,True
UNSW-NB15,QVE,full,0.002,30,-0.15555555555555545,-0.33587660674594916,0.024765495634838264,0.15347141147717844,0.11578530146699474,0.947067216007299,0.14102063080325167,4.467046511121671e-09,0.0014762610807734665,1.0,1.0,False,False,True,True
UNSW-NB15,QVE,full,0.005,30,0.2244444444444456,0.04030734419183246,0.40858154469705876,0.04735598259321782,0.060611737450718545,0.6893933093790832,1.0975765476290152e-06,3.538852951747761e-08,0.00829880111340455,1.0,1.0,False,False,True,True
UNSW-NB15,QVE,full,0.008,30,-0.11333333333333308,-0.5188952663008165,0.2922285996341503,0.6384737644923455,0.4836147703246019,0.6258301095047638,1.5313564861208151e-07,0.00043141462020362346,0.058032547068063156,1.0,1.0,False,False,True,False
UNSW-NB15,QVE,full,0.01,30,0.20666666666666647,-0.22712197418753013,0.6404553075208631,0.42481871968005913,0.5589743996708731,0.8986016507955362,0.007763896765102834,0.0020992269573643875,0.12997827256060196,1.0,1.0,False,False,True,False
UNSW-NB15,QVE,full,0.02,30,0.3466666666666651,-0.007374503204032823,0.7007078365373631,0.10693637320977525,0.1420983043065024,0.9523687062926913,0.19557511973596697,0.001955265741429452,0.23385640228315024,1.0,1.0,False,False,True,False
UNSW-NB15,QVE,full,0.05,30,0.0444444444444451,0.0033206143235233604,0.08556827456536684,0.07658087457150811,0.07332580358503951,0.8200817808460207,0.00015574579768171514,4.604056517366049e-27,4.223678849475016e-18,1.0,1.0,False,False,True,True
UNSW-NB15,QVE,linear,0.0,30,-0.10888888888888874,-0.37702838428957974,0.15925060651180223,0.49567987217942044,0.25442490905724924,0.6944254936374615,1.2957169169050838e-06,2.1075325956017025e-06,0.009631408192670828,1.0,1.0,False,False,True,True
UNSW-NB15,QVE,linear,0.0003,30,0.04222222222222238,-0.26718443370362327,0.35162887814806804,0.8182703970366118,0.9095064231278961,0.814886843358856,0.00012395566444008398,6.162459234448435e-06,0.008872357967718595,1.0,1.0,False,False,True,True
UNSW-NB15,QVE,linear,0.0005,30,-0.01333333333333336,-0.3597098197528472,0.3330431530861805,0.9482997251771066,0.8784817434328712,0.7548546176332307,1.0920119639881337e-05,1.978283871280271e-05,0.011855393789391397,1.0,1.0,False,False,True,True
UNSW-NB15,QVE,linear,0.001,30,-0.18444444444444377,-0.5112017072637727,0.1423128183748851,0.3454344261790123,0.3633911924921729,0.8625691263807934,0.00114975399987831,0.00010364024784782843,0.055812888247571836,1.0,1.0,False,False,True,False
UNSW-NB15,QVE,linear,0.002,30,0.18222222222222245,-0.18637222141994286,0.5508166658643878,0.40778147699454825,0.5869821405712912,0.7850390846622839,3.54108394825597e-05,0.00037236888500359546,0.07685654191080336,1.0,1.0,False,False,True,False
UNSW-NB15,QVE,linear,0.005,30,-0.18666666666666648,-0.40223520695009585,0.028901873616762885,0.15197357054405528,0.12578642463894,0.6706433286217568,5.995962932319809e-07,2.597546132778796e-07,0.009824871335054162,1.0,1.0,False,False,True,True
UNSW-NB15,QVE,linear,0.008,30,-0.09333333333333267,-0.4619544513452916,0.2752877846786263,0.6702217915620678,0.47011900458291445,0.8122872021744403,0.00011070570354109647,0.00012271622569901062,0.03548384951812441,1.0,1.0,False,False,True,True
UNSW-NB15,QVE,linear,0.01,30,-0.17777777777777745,-0.5966910418152275,0.2411354862596726,0.4766379250439571,0.4772893402694306,0.7754840594977855,2.4177977195054508e-05,0.0011725286884406003,0.1007503039565586,1.0,1.0,False,False,True,False
UNSW-NB15,QVE,linear,0.02,30,-0.11555555555555652,-0.4220623692774409,0.19095125816632785,0.5268223610103637,0.755540778078535,0.7132552909984179,2.4468808107994855e-06,1.661065748469798e-05,0.020838591250119182,1.0,1.0,False,False,True,True
UNSW-NB15,QVE,linear,0.05,30,-0.020000000000000018,-0.12001977449574677,0.08001977449574674,0.7364871212478797,0.7980880885473997,0.7253846132582883,3.7334966156193226e-06,1.1082055024095469e-16,2.7162240698368383e-09,1.0,1.0,False,False,True,True
UNSW-NB15,QWE,full,0.0,30,0.09777777777777737,-0.013888800208005148,0.20944435576355988,0.14759913131645758,0.07961580146011343,0.32942289043812556,1.2587208357374105e-10,1.6125773840975777e-14,5.729115657788371e-07,1.0,1.0,False,False,True,True
UNSW-NB15,QWE,full,0.0003,30,0.08888888888888798,-0.061753514264833595,0.23953129204260953,0.3243484970896643,0.8192005534058834,0.7549651760352304,1.0965635883731703e-05,1.770483436162381e-11,3.4747535507308484e-05,1.0,1.0,False,False,True,True
UNSW-NB15,QWE,full,0.0005,30,-0.10666666666666491,-0.2679263308661264,0.05459299753279656,0.27027186696266203,0.5074864762197694,0.6398025964471166,2.3172949302114688e-07,1.2791238766957243e-10,0.0001349730691082129,1.0,1.0,False,False,True,True
UNSW-NB15,QWE,full,0.001,30,-0.05333333333333375,-0.17993801844122756,0.07327135177456004,0.4798561551394216,0.20493690744296866,0.7403043675704686,6.373080080307912e-06,1.1179871708417322e-13,8.083008986799953e-07,1.0,1.0,False,False,True,True
UNSW-NB15,QWE,full,0.002,30,0.06000000000000005,-0.04975043248690661,0.16975043248690672,0.3606066473897418,0.7457261253932579,0.5965474436290856,6.625272368140829e-08,3.656652773221404e-15,8.823900412049463e-08,1.0,1.0,False,False,True,True
UNSW-NB15,QWE,full,0.005,30,0.24222222222222178,0.11148163382732396,0.3729628106171196,0.003788792966303648,0.0005962764600684454,0.7306056709947544,4.493082881014526e-06,4.6634917782360975e-11,0.0011273474237889958,0.21974999204561158,0.03518031114403828,False,True,True,True
UNSW-NB15,QWE,full,0.008,30,0.01777777777777767,-0.2788499424770438,0.31440549803259915,0.9195895276377338,0.12350697355997106,0.7185885344016504,2.942613897701044e-06,2.2299339969619695e-06,0.00492987215893329,1.0,1.0,False,False,True,True
UNSW-NB15,QWE,full,0.01,30,0.32666666666666655,0.10602984684684197,0.5473034864864912,0.017673020538178905,0.013893745258263345,0.7905031686573396,4.4224973022153134e-05,7.576598477564805e-06,0.09615676753918599,0.9896891501380187,0.7780497344627474,False,False,True,False
UNSW-NB15,QWE,full,0.02,30,-1.0666666666666653,-1.740454833305023,-0.3928785000283078,0.011730531455539971,0.02495317518042927,0.8758960062529058,0.002272435314546319,0.5661708216145898,0.9181549578778525,0.6686402929657783,1.0,False,False,False,False
UNSW-NB15,QWE,full,0.05,30,8.47777777777778,6.636240584394234,10.319314971161326,1.2590680191730797e-08,5.852195287368591e-06,0.9566176423887218,0.2532389150749617,0.9999999301298513,0.9999999792897104,7.554408115038478e-07,0.00035113171724211544,True,True,False,False
UNSW-NB15,QWE,linear,0.0,30,-0.10888888888888837,-0.42452491552730864,0.2067471377495319,0.5622969545037508,0.4445867389117455,0.6602027004956292,4.3205798777531045e-07,2.2292784653476338e-05,0.022015687237667336,1.0,1.0,False,False,True,True
UNSW-NB15,QWE,linear,0.0003,30,0.21333333333333426,-0.1416646725779518,0.5683313392446203,0.3156607493597208,0.3738398566319153,0.6155125437093999,1.1347381633293367e-07,0.00037691323984116455,0.09028100652538011,1.0,1.0,False,False,True,False
UNSW-NB15,QWE,linear,0.0005,30,0.004444444444443585,-0.19890998721458014,0.2077988761034673,0.9706313946500384,0.33225105409665223,0.5299529616246892,1.127273631447887e-08,1.8019620066531527e-09,0.00013637459552369726,1.0,1.0,False,False,True,True
UNSW-NB15,QWE,linear,0.001,30,-0.22000000000000058,-0.5892826916117717,0.1492826916117705,0.31978818517684293,0.3980713915205135,0.6436429315608119,2.601248805943595e-07,0.0006028866223825597,0.10390895411067015,1.0,1.0,False,False,True,False
UNSW-NB15,QWE,linear,0.002,30,0.015555555555554953,-0.35803664101040106,0.3891477521215109,0.944084034930808,0.9187600955117996,0.6255135221207992,1.5172206162457888e-07,5.404856317216778e-05,0.017835226223393258,1.0,1.0,False,False,True,True
UNSW-NB15,QWE,linear,0.005,30,-0.26888888888888923,-0.529610328882032,-0.008167448895746554,0.09028167914228652,0.08113063648894811,0.5517752259471878,1.9764368613519128e-08,2.4387410854764603e-05,0.07142162015536882,1.0,1.0,False,False,True,False
UNSW-NB15,QWE,linear,0.008,30,-0.34666666666666696,-0.6377973663049341,-0.055535967028399746,0.05235101427349441,0.06397378298732984,0.6700599578313766,5.886205958677187e-07,0.00033150583500477003,0.18910422145636352,1.0,1.0,False,False,True,False
UNSW-NB15,QWE,linear,0.01,30,0.10666666666666601,-0.21795847883842062,0.43129181217175266,0.5809207098657301,0.7535516091563128,0.7640437697554832,1.5486031807369195e-05,3.1204171083389996e-05,0.024300003154378757,1.0,1.0,False,False,True,True
UNSW-NB15,QWE,linear,0.02,30,-0.03777777777777843,-0.3409827365116106,0.2654271809560538,0.8338199654926521,0.645387747869369,0.5314324960013,1.170381502608393e-08,4.265803620010973e-06,0.007425557806319672,1.0,1.0,False,False,True,True
UNSW-NB15,QWE,linear,0.05,30,-0.5022222222222221,-1.0106561665584444,0.006211722114000118,0.10402124170269972,0.08052032809405571,0.7917755358695234,4.6594615412433316e-05,0.0534903261096456,0.5029372543509925,1.0,1.0,False,False,False,False
