status,dataset,model,composition,n_maps,entanglement,optimization_level,noise_level,num_qubits,run_idx,seed,gpu_id,accuracy,f1_score,mcc,kernel_time,classifier_time,total_time
success,IoT_Original_Distribution,QSVC_Z,1map_Z,1,full,0,0.0,6,0,42,0,0.9246666666666666,0.9324274692702892,0.6808157520935996,110.20813283196183,3.596345711965114,113.80447854392696
success,IoT_Original_Distribution,QSVC_Z,1map_Z,1,full,0,0.0,6,1,123,1,0.934,0.940907809293264,0.7277641761668269,113.36840972595382,0.4199938799720257,113.78840360592584
success,IoT_Original_Distribution,QSVC_Z,1map_Z,1,full,0,0.0,6,2,456,2,0.93,0.9373264644019468,0.7088106678632947,113.37207904504612,0.4420481260167435,113.81412717106286
success,IoT_Original_Distribution,QSVC_Z,1map_Z,1,full,0,0.0,6,3,789,0,0.9293333333333332,0.9363158196098934,0.6963924536386645,113.3552576699294,0.218058179016225,113.57331584894564
success,IoT_Original_Distribution,QSVC_Z,1map_Z,1,full,0,0.0,6,4,1024,1,0.92,0.9289433203076566,0.6740055463900888,113.50298716395628,0.8623444479890168,114.3653316119453
success,IoT_Original_Distribution,QSVC_Z,1map_Z,1,full,0,0.0,6,5,2048,2,0.928,0.934864064941212,0.6846543841138732,105.41995391796809,3.820076806936413,109.2400307249045
success,IoT_Original_Distribution,QSVC_Z,1map_Z,1,full,0,0.0,6,6,3072,0,0.944,0.9480500224505308,0.7337098285325372,107.7739717119839,3.792489275103435,111.56646098708734
success,IoT_Original_Distribution,QSVC_Z,1map_Z,1,full,0,0.0,6,7,4096,1,0.938,0.943403620111923,0.7218101255221689,113.71694561000912,0.8798182179452851,114.59676382795442
success,IoT_Original_Distribution,QSVC_Z,1map_Z,1,full,0,0.0,6,8,5120,2,0.9426666666666668,0.947164156626506,0.7340451693802116,113.5780207249336,0.0903624950442463,113.66838321997784
success,IoT_Original_Distribution,QSVC_Z,1map_Z,1,full,0,0.0,6,9,6144,0,0.924,0.9320162912218825,0.6817472036206769,44.62596751493402,1.139410280971788,45.765377795905806
success,IoT_Original_Distribution,QSVC_Z,1map_Z,1,full,0,0.002,6,0,42,1,0.9246666666666666,0.9324274692702892,0.6808157520935996,67.35617654910311,0.1297635309165343,67.48594008001965
success,IoT_Original_Distribution,QSVC_Z,1map_Z,1,full,0,0.002,6,1,123,2,0.934,0.940907809293264,0.7277641761668269,66.53289171401411,0.2361501640407368,66.76904187805485
success,IoT_Original_Distribution,QSVC_Z,1map_Z,1,full,0,0.002,6,2,456,0,0.9293333333333332,0.9367870778028028,0.7069742088796336,41.694031473016366,0.2291001180419698,41.923131591058336
success,IoT_Original_Distribution,QSVC_Z,1map_Z,1,full,0,0.002,6,3,789,1,0.9273333333333332,0.9348194172607216,0.6934962466380883,41.74060030700639,0.5266582249896601,42.26725853199605
success,IoT_Original_Distribution,QSVC_Z,1map_Z,1,full,0,0.002,6,4,1024,2,0.936,0.94175607268524,0.7157542997720369,39.35963387507945,0.9134943280369044,40.27312820311636
success,IoT_Original_Distribution,QSVC_Z,1map_Z,1,full,0,0.002,6,5,2048,0,0.926,0.9333750272945254,0.6817502938330257,40.86836374900304,1.1052276369882748,41.97359138599131
success,IoT_Original_Distribution,QSVC_Z,1map_Z,1,full,0,0.002,6,6,3072,1,0.944,0.9480500224505308,0.7337098285325372,42.18642895296216,0.0495648880023509,42.23599384096451
success,IoT_Original_Distribution,QSVC_Z,1map_Z,1,full,0,0.002,6,7,4096,2,0.9393333333333334,0.9447337149551372,0.7308236415292239,40.050736929057166,1.1410044330405071,41.19174136209767
success,IoT_Original_Distribution,QSVC_Z,1map_Z,1,full,0,0.002,6,8,5120,0,0.9426666666666668,0.947164156626506,0.7340451693802116,42.13616736000404,0.0516948250588029,42.18786218506284
success,IoT_Original_Distribution,QSVC_Z,1map_Z,1,full,0,0.002,6,9,6144,1,0.9206666666666666,0.9293508067073436,0.6729442528065122,40.001916437991895,0.8551162000512704,40.857032638043165
success,IoT_Original_Distribution,QSVC_Z,1map_Z,1,full,0,0.01,6,0,42,2,0.926,0.9337451195106294,0.6898571595597626,39.307701188954525,0.8863861809950322,40.19408736994956
success,IoT_Original_Distribution,QSVC_Z,1map_Z,1,full,0,0.01,6,1,123,0,0.9113333333333332,0.9229263946385788,0.6727274097259489,40.08598618302494,0.5470013290178031,40.632987512042746
success,IoT_Original_Distribution,QSVC_Z,1map_Z,1,full,0,0.01,6,2,456,1,0.922,0.930659631463593,0.6819572728073376,41.36167049698997,1.004954522009939,42.36662501899991
success,IoT_Original_Distribution,QSVC_Z,1map_Z,1,full,0,0.01,6,3,789,2,0.9293333333333332,0.9363158196098934,0.6963924536386645,42.92251732805744,0.0504986949963495,42.97301602305379
success,IoT_Original_Distribution,QSVC_Z,1map_Z,1,full,0,0.01,6,4,1024,0,0.936,0.94175607268524,0.7157542997720369,42.98849479795899,0.0521326980087906,43.04062749596778
success,IoT_Original_Distribution,QSVC_Z,1map_Z,1,full,0,0.01,6,5,2048,1,0.926,0.9333750272945254,0.6817502938330257,36.48929493792821,0.6123907229630277,37.10168566089124
success,IoT_Original_Distribution,QSVC_Z,1map_Z,1,full,0,0.01,6,6,3072,2,0.944,0.9480500224505308,0.7337098285325372,41.23439958598465,1.0098285221029073,42.24422810808756
success,IoT_Original_Distribution,QSVC_Z,1map_Z,1,full,0,0.01,6,7,4096,0,0.9393333333333334,0.9447337149551372,0.7308236415292239,43.40163226297591,0.2360707839252427,43.63770304690115
success,IoT_Original_Distribution,QSVC_Z,1map_Z,1,full,0,0.01,6,8,5120,1,0.938,0.9431678114654254,0.7168538090056512,42.66961317008827,0.4905451249796897,43.16015829506796
success,IoT_Original_Distribution,QSVC_Z,1map_Z,1,full,0,0.01,6,9,6144,2,0.9293333333333332,0.9363158196098934,0.6963924536386645,34.69449172890745,0.8971476479200646,35.59163937682752
success,IoT_Original_Distribution,QSVC_Z,1map_Z,1,full,0,0.05,6,0,42,0,0.9226666666666666,0.931071059290739,0.6809473889723784,43.47909925295971,0.0524519709870219,43.531551223946735
success,IoT_Original_Distribution,QSVC_Z,1map_Z,1,full,0,0.05,6,1,123,1,0.934,0.940907809293264,0.7277641761668269,41.76297295605764,0.9136306189466268,42.676603575004265
success,IoT_Original_Distribution,QSVC_Z,1map_Z,1,full,0,0.05,6,2,456,2,0.9293333333333332,0.9367870778028028,0.7069742088796336,35.908521308912896,1.079086996964179,36.98760830587708
success,IoT_Original_Distribution,QSVC_Z,1map_Z,1,full,0,0.05,6,3,789,0,0.928,0.9352367516849478,0.6926638750791146,43.26937854103744,0.0518519970355555,43.321230538073
success,IoT_Original_Distribution,QSVC_Z,1map_Z,1,full,0,0.05,6,4,1024,1,0.936,0.94175607268524,0.7157542997720369,35.07559645595029,0.4082643549190834,35.48386081086937
success,IoT_Original_Distribution,QSVC_Z,1map_Z,1,full,0,0.05,6,5,2048,2,0.926,0.9333750272945254,0.6817502938330257,41.57461542496458,0.8878369930898771,42.46245241805445
success,IoT_Original_Distribution,QSVC_Z,1map_Z,1,full,0,0.05,6,6,3072,0,0.9413333333333334,0.9456976559044672,0.7225738232500313,41.25780864199624,1.199386443011463,42.4571950850077
success,IoT_Original_Distribution,QSVC_Z,1map_Z,1,full,0,0.05,6,7,4096,1,0.9366666666666666,0.9424207276554208,0.7202686541714726,42.13420540292282,0.203290730016306,42.33749613293912
success,IoT_Original_Distribution,QSVC_Z,1map_Z,1,full,0,0.05,6,8,5120,2,0.9446666666666668,0.94883967800388,0.7405713297428941,41.373503000009805,0.5501196139957756,41.92362261400558
success,IoT_Original_Distribution,QSVC_Z,1map_Z,1,full,0,0.05,6,9,6144,0,0.9066666666666666,0.9183153846153844,0.6385900470378715,175.50654188508634,1.2775427419692278,176.78408462705556
success,IoT_Original_Distribution,QSVC_ZZ,1map_ZZ,1,full,0,0.0,6,0,42,1,0.9486666666666668,0.9519950511580312,0.7496239879314855,201.06328949599992,1.2022801920538768,202.2655696880538
success,IoT_Original_Distribution,QSVC_ZZ,1map_ZZ,1,full,0,0.0,6,1,123,2,0.96,0.9621857416538716,0.7993956907456233,206.69208985497244,0.0542981730541214,206.74638802802656
success,IoT_Original_Distribution,QSVC_ZZ,1map_ZZ,1,full,0,0.0,6,2,456,0,0.9486666666666668,0.95253801453372,0.7607320737467842,287.52910453802906,0.2353189659770578,287.7644235040061
success,IoT_Original_Distribution,QSVC_ZZ,1map_ZZ,1,full,0,0.0,6,3,789,1,0.9546666666666668,0.9573529970495248,0.7754009734327173,276.3914495019708,1.3482452760217711,277.7396947779925
success,IoT_Original_Distribution,QSVC_ZZ,1map_ZZ,1,full,0,0.0,6,4,1024,2,0.9546666666666668,0.9569284538432316,0.7673304473147916,286.6669378069928,0.0819699629209935,286.7489077699138
success,IoT_Original_Distribution,QSVC_ZZ,1map_ZZ,1,full,0,0.0,6,5,2048,0,0.9573333333333334,0.9588164839803776,0.7701949411529486,278.8888173169689,1.3308270170819014,280.2196443340508
success,IoT_Original_Distribution,QSVC_ZZ,1map_ZZ,1,full,0,0.0,6,6,3072,1,0.9613333333333334,0.9626774386072172,0.7920982952477333,282.8525327469688,0.098065941943787,282.9505986889126
success,IoT_Original_Distribution,QSVC_ZZ,1map_ZZ,1,full,0,0.0,6,7,4096,2,0.9526666666666668,0.9554175125808768,0.7639370639604357,283.6345061690081,0.2368895179824903,283.8713956869906
success,IoT_Original_Distribution,QSVC_ZZ,1map_ZZ,1,full,0,0.0,6,8,5120,0,0.9533333333333334,0.9551979853699486,0.7522266687925445,279.09017198102083,0.2270123490598052,279.31718433008064
success,IoT_Original_Distribution,QSVC_ZZ,1map_ZZ,1,full,0,0.0,6,9,6144,1,0.952,0.955471447814741,0.7742903761920127,275.81227501598187,2.0256195530528203,277.8378945690347
success,IoT_Original_Distribution,QSVC_ZZ,1map_ZZ,1,full,0,0.002,6,0,42,2,0.946,0.9496188246739428,0.7381560452446436,279.06029660301283,0.741699961014092,279.8019965640269
success,IoT_Original_Distribution,QSVC_ZZ,1map_ZZ,1,full,0,0.002,6,1,123,0,0.9606666666666668,0.9628618468758638,0.8038376889694526,226.62995235004928,0.5332123389234766,227.1631646889728
success,IoT_Original_Distribution,QSVC_ZZ,1map_ZZ,1,full,0,0.002,6,2,456,1,0.954,0.9567779322274736,0.772956409598325,229.8412898950046,0.0518458150327205,229.8931357100373
success,IoT_Original_Distribution,QSVC_ZZ,1map_ZZ,1,full,0,0.002,6,3,789,2,0.9506666666666668,0.9539192572388504,0.7610065361418865,226.658802438993,1.2267480599693954,227.8855504989624
success,IoT_Original_Distribution,QSVC_ZZ,1map_ZZ,1,full,0,0.002,6,4,1024,0,0.9553333333333334,0.9577216076580396,0.7738506952261726,221.7279261260992,1.4457329229917375,223.17365904909093
success,IoT_Original_Distribution,QSVC_ZZ,1map_ZZ,1,full,0,0.002,6,5,2048,1,0.9526666666666668,0.954855156513257,0.753651251609038,229.7264835230308,0.0523433689959347,229.7788268920267
success,IoT_Original_Distribution,QSVC_ZZ,1map_ZZ,1,full,0,0.002,6,6,3072,2,0.954,0.9562393949049456,0.7627853053861655,226.6565782390535,0.832370323012583,227.48894856206607
success,IoT_Original_Distribution,QSVC_ZZ,1map_ZZ,1,full,0,0.002,6,7,4096,0,0.9546666666666668,0.9571438405410544,0.7713432741068915,229.8654085949529,0.2441453050123527,230.10955389996525
success,IoT_Original_Distribution,QSVC_ZZ,1map_ZZ,1,full,0,0.002,6,8,5120,1,0.9506666666666668,0.9535900262009536,0.7545587288283078,228.3751138660591,1.8324900390580297,230.20760390511717
success,IoT_Original_Distribution,QSVC_ZZ,1map_ZZ,1,full,0,0.002,6,9,6144,2,0.9493333333333334,0.9528912483912484,0.7585529977280968,230.3873537631007,0.1081787559669464,230.49553251906764
success,IoT_Original_Distribution,QSVC_ZZ,1map_ZZ,1,full,0,0.01,6,0,42,0,0.8906666666666667,0.904460055381292,0.5692349980628227,231.6608809470199,0.1080541650298982,231.7689351120498
success,IoT_Original_Distribution,QSVC_ZZ,1map_ZZ,1,full,0,0.01,6,1,123,1,0.8013333333333333,0.839749967511371,0.4836626203813408,230.98835861403492,0.1060262089595198,231.09438482299447
success,IoT_Original_Distribution,QSVC_ZZ,1map_ZZ,1,full,0,0.01,6,2,456,2,0.7086666666666667,0.7692686009281069,0.3961658942006968,225.90929741598663,0.844118817942217,226.75341623392887
success,IoT_Original_Distribution,QSVC_ZZ,1map_ZZ,1,full,0,0.01,6,3,789,0,0.736,0.7904606751649478,0.4172721549281851,226.4523637780221,0.848021344980225,227.30038512300237
success,IoT_Original_Distribution,QSVC_ZZ,1map_ZZ,1,full,0,0.01,6,4,1024,1,0.7386666666666667,0.792395337995338,0.4092274369408646,220.4827761009801,1.0184569649863988,221.5012330659665
success,IoT_Original_Distribution,QSVC_ZZ,1map_ZZ,1,full,0,0.01,6,5,2048,2,0.7526666666666667,0.8029551563982621,0.4159111741664639,228.91017422801812,0.0610731610795483,228.9712473890977
success,IoT_Original_Distribution,QSVC_ZZ,1map_ZZ,1,full,0,0.01,6,6,3072,0,0.7713333333333333,0.8168861242390467,0.4283805662815863,224.38353790401013,2.5265329210087657,226.9100708250189
success,IoT_Original_Distribution,QSVC_ZZ,1map_ZZ,1,full,0,0.01,6,7,4096,1,0.858,0.879477191670881,0.4968213676975355,227.24337260297037,0.8346065849764273,228.0779791879468
success,IoT_Original_Distribution,QSVC_ZZ,1map_ZZ,1,full,0,0.01,6,8,5120,2,0.8226666666666667,0.8549496479177199,0.4872138322101126,229.6498390890192,0.060077793081291,229.7099168821005
success,IoT_Original_Distribution,QSVC_ZZ,1map_ZZ,1,full,0,0.01,6,9,6144,0,0.724,0.7811247839805272,0.3955536525747701,227.82889217301272,1.0007278789998963,228.8296200520126
success,IoT_Original_Distribution,QSVC_ZZ,1map_ZZ,1,full,0,0.05,6,0,42,1,0.906,0.8613179433368311,0.0,229.13342219800688,0.288502159062773,229.42192435706968
success,IoT_Original_Distribution,QSVC_ZZ,1map_ZZ,1,full,0,0.05,6,1,123,2,0.906,0.8613179433368311,0.0,228.62768506398425,0.4235081690130755,229.0511932329973
success,IoT_Original_Distribution,QSVC_ZZ,1map_ZZ,1,full,0,0.05,6,2,456,0,0.906,0.8613179433368311,0.0,225.8196519110352,0.1778468410484492,225.99749875208363
success,IoT_Original_Distribution,QSVC_ZZ,1map_ZZ,1,full,0,0.05,6,3,789,1,0.906,0.8613179433368311,0.0,226.20875089697077,0.2759776470484212,226.4847285440192
success,IoT_Original_Distribution,QSVC_ZZ,1map_ZZ,1,full,0,0.05,6,4,1024,2,0.906,0.8613179433368311,0.0,225.693353684037,0.2810447190422565,225.97439840307925
success,IoT_Original_Distribution,QSVC_ZZ,1map_ZZ,1,full,0,0.05,6,5,2048,0,0.906,0.8613179433368311,0.0,222.32456195401028,1.6720287129282951,223.99659066693857
success,IoT_Original_Distribution,QSVC_ZZ,1map_ZZ,1,full,0,0.05,6,6,3072,1,0.906,0.8613179433368311,0.0,228.36833861400373,0.1112594639416784,228.4795980779454
success,IoT_Original_Distribution,QSVC_ZZ,1map_ZZ,1,full,0,0.05,6,7,4096,2,0.906,0.8613179433368311,0.0,228.57961265800984,0.1100105929654091,228.68962325097527
success,IoT_Original_Distribution,QSVC_ZZ,1map_ZZ,1,full,0,0.05,6,8,5120,0,0.906,0.8613179433368311,0.0,152.22993318201043,0.0609553100075572,152.29088849201798
success,IoT_Original_Distribution,QSVC_ZZ,1map_ZZ,1,full,0,0.05,6,9,6144,1,0.906,0.8613179433368311,0.0,149.49418211902957,0.8711044989759102,150.36528661800548
success,UNSW_2018_IoT_Botnet_Final_10_Best,QSVC_Z,1map_Z,1,full,0,0.0,6,0,42,2,0.99,0.9901933261432964,0.9453934686415124,39.44106105109677,0.0510443580569699,39.49210540915374
success,UNSW_2018_IoT_Botnet_Final_10_Best,QSVC_Z,1map_Z,1,full,0,0.0,6,1,123,0,0.9866666666666668,0.9870529038143344,0.9297153391356788,114.84076097700743,0.2276123169576749,115.06837329396512
success,UNSW_2018_IoT_Botnet_Final_10_Best,QSVC_Z,1map_Z,1,full,0,0.0,6,2,456,1,0.99,0.990164837423439,0.9447523025231932,114.8404462749604,0.0874270920176059,114.92787336697802
success,UNSW_2018_IoT_Botnet_Final_10_Best,QSVC_Z,1map_Z,1,full,0,0.0,6,3,789,2,0.9893333333333332,0.9895545679012344,0.942021682022782,107.00569045590235,4.43011056096293,111.4358010168653
success,UNSW_2018_IoT_Botnet_Final_10_Best,QSVC_Z,1map_Z,1,full,0,0.0,6,4,1024,0,0.9893333333333332,0.9895545679012344,0.942021682022782,113.251422181027,0.1133507289923727,113.36477291001938
success,UNSW_2018_IoT_Botnet_Final_10_Best,QSVC_Z,1map_Z,1,full,0,0.0,6,5,2048,1,0.9873333333333332,0.9875421274030226,0.9297940651153168,109.35353148006834,3.744241593987681,113.09777307405602
success,UNSW_2018_IoT_Botnet_Final_10_Best,QSVC_Z,1map_Z,1,full,0,0.0,6,6,3072,2,0.9913333333333332,0.991476192433647,0.9522314212271312,113.11456886504313,0.2425931429024785,113.3571620079456
success,UNSW_2018_IoT_Botnet_Final_10_Best,QSVC_Z,1map_Z,1,full,0,0.0,6,7,4096,0,0.99,0.9902213813655606,0.9460755291907588,115.1076813749969,0.2633827968966216,115.37106417189352
success,UNSW_2018_IoT_Botnet_Final_10_Best,QSVC_Z,1map_Z,1,full,0,0.0,6,8,5120,1,0.9893333333333332,0.9895545679012344,0.942021682022782,113.10051148606,2.092377802007832,115.19288928806782
success,UNSW_2018_IoT_Botnet_Final_10_Best,QSVC_Z,1map_Z,1,full,0,0.0,6,9,6144,2,0.9893333333333332,0.9895244122756032,0.941338822570379,115.10633880400565,0.273174139088951,115.3795129430946
success,UNSW_2018_IoT_Botnet_Final_10_Best,QSVC_Z,1map_Z,1,full,0,0.002,6,0,42,0,0.99,0.9901933261432964,0.9453934686415124,39.17851320595946,1.3382486330810934,40.51676183904056
success,UNSW_2018_IoT_Botnet_Final_10_Best,QSVC_Z,1map_Z,1,full,0,0.002,6,1,123,1,0.986,0.98638671492442,0.9256152310053072,43.36065130995121,0.2359670769656077,43.596618386916816
success,UNSW_2018_IoT_Botnet_Final_10_Best,QSVC_Z,1map_Z,1,full,0,0.002,6,2,456,2,0.99,0.990164837423439,0.9447523025231932,43.31760383897927,0.092998418956995,43.41060225793626
success,UNSW_2018_IoT_Botnet_Final_10_Best,QSVC_Z,1map_Z,1,full,0,0.002,6,3,789,0,0.9893333333333332,0.9895545679012344,0.942021682022782,41.79924696602393,0.9226737320423126,42.72192069806624
success,UNSW_2018_IoT_Botnet_Final_10_Best,QSVC_Z,1map_Z,1,full,0,0.002,6,4,1024,1,0.9893333333333332,0.9895545679012344,0.942021682022782,40.56956053199247,1.0800971110584214,41.64965764305089
success,UNSW_2018_IoT_Botnet_Final_10_Best,QSVC_Z,1map_Z,1,full,0,0.002,6,5,2048,2,0.9866666666666668,0.986905515344504,0.9264233739332484,42.96443924901541,0.0467192120850086,43.01115846110042
success,UNSW_2018_IoT_Botnet_Final_10_Best,QSVC_Z,1map_Z,1,full,0,0.002,6,6,3072,0,0.9913333333333332,0.991476192433647,0.9522314212271312,42.31223987403792,0.2263366460101679,42.53857652004808
success,UNSW_2018_IoT_Botnet_Final_10_Best,QSVC_Z,1map_Z,1,full,0,0.002,6,7,4096,1,0.99,0.9902213813655606,0.9460755291907588,42.25325922993943,0.1077782930806279,42.36103752302006
success,UNSW_2018_IoT_Botnet_Final_10_Best,QSVC_Z,1map_Z,1,full,0,0.002,6,8,5120,2,0.9893333333333332,0.9895545679012344,0.942021682022782,39.4531452980591,1.6665001739747822,41.11964547203388
success,UNSW_2018_IoT_Botnet_Final_10_Best,QSVC_Z,1map_Z,1,full,0,0.002,6,9,6144,0,0.9893333333333332,0.9895244122756032,0.941338822570379,37.285561424912885,1.2068343220744282,38.49239574698731
success,UNSW_2018_IoT_Botnet_Final_10_Best,QSVC_Z,1map_Z,1,full,0,0.01,6,0,42,1,0.99,0.9901933261432964,0.9453934686415124,43.097791947075166,0.0878180959261953,43.18561004300136
success,UNSW_2018_IoT_Botnet_Final_10_Best,QSVC_Z,1map_Z,1,full,0,0.01,6,1,123,2,0.986,0.98638671492442,0.9256152310053072,42.95683440496214,0.0882832390489056,43.04511764401104
success,UNSW_2018_IoT_Botnet_Final_10_Best,QSVC_Z,1map_Z,1,full,0,0.01,6,2,456,0,0.99,0.990164837423439,0.9447523025231932,39.641248784028,0.6700655539752916,40.311314338003285
success,UNSW_2018_IoT_Botnet_Final_10_Best,QSVC_Z,1map_Z,1,full,0,0.01,6,3,789,1,0.9893333333333332,0.9895545679012344,0.942021682022782,42.95561784598976,0.112631153082475,43.06824899907224
success,UNSW_2018_IoT_Botnet_Final_10_Best,QSVC_Z,1map_Z,1,full,0,0.01,6,4,1024,2,0.9893333333333332,0.9895545679012344,0.942021682022782,42.99813257192727,0.2327574311057105,43.23089000303298
success,UNSW_2018_IoT_Botnet_Final_10_Best,QSVC_Z,1map_Z,1,full,0,0.01,6,5,2048,0,0.9866666666666668,0.986905515344504,0.9264233739332484,39.5449714170536,1.0930902489926666,40.63806166604627
success,UNSW_2018_IoT_Botnet_Final_10_Best,QSVC_Z,1map_Z,1,full,0,0.01,6,6,3072,1,0.992,0.9921433092067024,0.9562542712075096,39.55366114003118,1.1035569160012528,40.657218056032434
success,UNSW_2018_IoT_Botnet_Final_10_Best,QSVC_Z,1map_Z,1,full,0,0.01,6,7,4096,2,0.99,0.9902213813655606,0.9460755291907588,42.77299284597393,0.0471515350509434,42.82014438102488
success,UNSW_2018_IoT_Botnet_Final_10_Best,QSVC_Z,1map_Z,1,full,0,0.01,6,8,5120,0,0.9893333333333332,0.9895545679012344,0.942021682022782,41.26049922092352,0.4095470909960568,41.67004631191958
success,UNSW_2018_IoT_Botnet_Final_10_Best,QSVC_Z,1map_Z,1,full,0,0.01,6,9,6144,1,0.9893333333333332,0.9895244122756032,0.941338822570379,42.7410677280277,0.083745202049613,42.824812930077314
success,UNSW_2018_IoT_Botnet_Final_10_Best,QSVC_Z,1map_Z,1,full,0,0.05,6,0,42,2,0.9893333333333332,0.9895545679012344,0.942021682022782,42.794969748938456,0.0848552118986845,42.87982496083714
success,UNSW_2018_IoT_Botnet_Final_10_Best,QSVC_Z,1map_Z,1,full,0,0.05,6,1,123,0,0.986,0.98638671492442,0.9256152310053072,42.94940080295783,0.0828105640830472,43.03221136704087
success,UNSW_2018_IoT_Botnet_Final_10_Best,QSVC_Z,1map_Z,1,full,0,0.05,6,2,456,1,0.9906666666666668,0.9908338607411528,0.9487965468889444,42.95762857305817,0.0844762480119243,43.0421048210701
success,UNSW_2018_IoT_Botnet_Final_10_Best,QSVC_Z,1map_Z,1,full,0,0.05,6,3,789,2,0.99,0.9901933261432964,0.9453934686415124,39.47730570996646,0.9700388580095024,40.44734456797596
success,UNSW_2018_IoT_Botnet_Final_10_Best,QSVC_Z,1map_Z,1,full,0,0.05,6,4,1024,0,0.9893333333333332,0.9895545679012344,0.942021682022782,40.17897364892997,1.4945519630564377,41.673525611986406
success,UNSW_2018_IoT_Botnet_Final_10_Best,QSVC_Z,1map_Z,1,full,0,0.05,6,5,2048,1,0.9866666666666668,0.986905515344504,0.9264233739332484,42.96700634097215,0.2124831599649042,43.17948950093705
success,UNSW_2018_IoT_Botnet_Final_10_Best,QSVC_Z,1map_Z,1,full,0,0.05,6,6,3072,2,0.992,0.9921433092067024,0.9562542712075096,42.832737466087565,0.0995747050037607,42.932312171091326
success,UNSW_2018_IoT_Botnet_Final_10_Best,QSVC_Z,1map_Z,1,full,0,0.05,6,7,4096,0,0.99,0.9902213813655606,0.9460755291907588,43.1243757000193,0.2227119059534743,43.34708760597277
success,UNSW_2018_IoT_Botnet_Final_10_Best,QSVC_Z,1map_Z,1,full,0,0.05,6,8,5120,1,0.988,0.988282298882174,0.9353700213076752,43.0772901349701,0.103594017913565,43.180884152883664
success,UNSW_2018_IoT_Botnet_Final_10_Best,QSVC_Z,1map_Z,1,full,0,0.05,6,9,6144,2,0.9886666666666668,0.9888857696290692,0.9379569206847956,40.7833230040269,1.1289806599961594,41.91230366402306
success,UNSW_2018_IoT_Botnet_Final_10_Best,QSVC_ZZ,1map_ZZ,1,full,0,0.0,6,0,42,0,0.9966666666666668,0.9966400755284308,0.9805571131969576,285.17350467597134,0.2371515620034188,285.4106562379748
success,UNSW_2018_IoT_Botnet_Final_10_Best,QSVC_ZZ,1map_ZZ,1,full,0,0.0,6,1,123,1,0.996,0.996,0.976810219993713,285.1753744210582,0.0925410010386258,285.26791542209685
success,UNSW_2018_IoT_Botnet_Final_10_Best,QSVC_ZZ,1map_ZZ,1,full,0,0.0,6,2,456,2,0.996,0.9959615546218488,0.9766394448969592,280.7701853590552,1.3067578980699182,282.0769432571251
success,UNSW_2018_IoT_Botnet_Final_10_Best,QSVC_ZZ,1map_ZZ,1,full,0,0.0,6,3,789,0,0.9973333333333332,0.9973163830309104,0.9844649139608554,281.486932978034,1.3043684390140695,282.7913014170481
success,UNSW_2018_IoT_Botnet_Final_10_Best,QSVC_ZZ,1map_ZZ,1,full,0,0.0,6,4,1024,1,0.9953333333333332,0.995340603358116,0.9730368435381364,287.0678559480002,0.2257634790148586,287.2936194270151
success,UNSW_2018_IoT_Botnet_Final_10_Best,QSVC_ZZ,1map_ZZ,1,full,0,0.0,6,5,2048,2,0.9926666666666668,0.9926081661625475,0.9569943361344564,287.0417361620348,0.0765353209571912,287.118271482992
success,UNSW_2018_IoT_Botnet_Final_10_Best,QSVC_ZZ,1map_ZZ,1,full,0,0.0,6,6,3072,0,0.996,0.9959615546218488,0.9766394448969592,286.9657957670279,0.1014092549448832,287.0672050219728
success,UNSW_2018_IoT_Botnet_Final_10_Best,QSVC_ZZ,1map_ZZ,1,full,0,0.0,6,7,4096,1,0.9906666666666668,0.9904504197573456,0.9449265089561836,278.04713992693,1.355196587042883,279.40233651397284
success,UNSW_2018_IoT_Botnet_Final_10_Best,QSVC_ZZ,1map_ZZ,1,full,0,0.0,6,8,5120,2,0.9953333333333332,0.9952807936150396,0.9727117770954384,286.9317445360357,0.227829165989533,287.1595737020252
success,UNSW_2018_IoT_Botnet_Final_10_Best,QSVC_ZZ,1map_ZZ,1,full,0,0.0,6,9,6144,0,0.996,0.9959615546218488,0.9766394448969592,216.85505133902188,1.589241864043288,218.4442932030652
success,UNSW_2018_IoT_Botnet_Final_10_Best,QSVC_ZZ,1map_ZZ,1,full,0,0.002,6,0,42,1,0.9966666666666668,0.9966400755284308,0.9805571131969576,254.16265794099309,0.0995441999984905,254.2622021409916
success,UNSW_2018_IoT_Botnet_Final_10_Best,QSVC_ZZ,1map_ZZ,1,full,0,0.002,6,1,123,2,0.996,0.996,0.976810219993713,254.232871749904,0.0966902170330286,254.32956196693704
success,UNSW_2018_IoT_Botnet_Final_10_Best,QSVC_ZZ,1map_ZZ,1,full,0,0.002,6,2,456,0,0.9973333333333332,0.9973163830309104,0.9844649139608554,229.6967218100326,0.0505569789092987,229.7472787889419
success,UNSW_2018_IoT_Botnet_Final_10_Best,QSVC_ZZ,1map_ZZ,1,full,0,0.002,6,3,789,1,0.998,0.997990503452285,0.9883629768056864,217.5210096769733,1.405231496086344,218.92624117305968
success,UNSW_2018_IoT_Botnet_Final_10_Best,QSVC_ZZ,1map_ZZ,1,full,0,0.002,6,4,1024,2,0.9953333333333332,0.995340603358116,0.9730368435381364,227.0710556199774,0.8140188340330496,227.8850744540105
success,UNSW_2018_IoT_Botnet_Final_10_Best,QSVC_ZZ,1map_ZZ,1,full,0,0.002,6,5,2048,0,0.9926666666666668,0.9926081661625475,0.9569943361344564,230.39664505096152,0.0844052870525047,230.48105033801403
success,UNSW_2018_IoT_Botnet_Final_10_Best,QSVC_ZZ,1map_ZZ,1,full,0,0.002,6,6,3072,1,0.996,0.9959615546218488,0.9766394448969592,230.40803011797837,0.2333264920162037,230.64135660999452
success,UNSW_2018_IoT_Botnet_Final_10_Best,QSVC_ZZ,1map_ZZ,1,full,0,0.002,6,7,4096,2,0.9913333333333332,0.9911476417483018,0.9489280789420476,222.7475449719932,1.4847990319831297,224.23234400397632
success,UNSW_2018_IoT_Botnet_Final_10_Best,QSVC_ZZ,1map_ZZ,1,full,0,0.002,6,8,5120,0,0.9953333333333332,0.9952807936150396,0.9727117770954384,228.89734797598797,0.3050249610096216,229.2023729369976
success,UNSW_2018_IoT_Botnet_Final_10_Best,QSVC_ZZ,1map_ZZ,1,full,0,0.002,6,9,6144,1,0.996,0.9959615546218488,0.9766394448969592,228.89632284699476,0.3059508090373128,229.20227365603205
success,UNSW_2018_IoT_Botnet_Final_10_Best,QSVC_ZZ,1map_ZZ,1,full,0,0.01,6,0,42,2,0.9846666666666668,0.9842844524011382,0.908411703002196,227.6764392160112,1.1868061709683388,228.86324538697957
success,UNSW_2018_IoT_Botnet_Final_10_Best,QSVC_ZZ,1map_ZZ,1,full,0,0.01,6,1,123,0,0.9833333333333332,0.9829762341313496,0.9005161254786475,222.32314977794888,1.1762337709078563,223.4993835488567
success,UNSW_2018_IoT_Botnet_Final_10_Best,QSVC_ZZ,1map_ZZ,1,full,0,0.01,6,2,456,1,0.978,0.9774516056190244,0.8677840924896227,228.59928386600225,0.0606915249954909,228.6599753909977
success,UNSW_2018_IoT_Botnet_Final_10_Best,QSVC_ZZ,1map_ZZ,1,full,0,0.01,6,3,789,2,0.9826666666666668,0.982384472961757,0.8969803130178182,222.8186230560532,1.2187762419926005,224.03739929804576
success,UNSW_2018_IoT_Botnet_Final_10_Best,QSVC_ZZ,1map_ZZ,1,full,0,0.01,6,4,1024,0,0.9873333333333332,0.9871907255265364,0.9252757916070182,225.22857671405652,1.1769654790405184,226.40554219309703
success,UNSW_2018_IoT_Botnet_Final_10_Best,QSVC_ZZ,1map_ZZ,1,full,0,0.01,6,5,2048,1,0.98,0.979321273190291,0.8793075815678311,224.77673312602565,1.1006322909379378,225.8773654169636
success,UNSW_2018_IoT_Botnet_Final_10_Best,QSVC_ZZ,1map_ZZ,1,full,0,0.01,6,6,3072,2,0.8973333333333333,0.9114114200874764,0.6325627925373901,228.1358931330033,0.05881453899201,228.19470767199527
success,UNSW_2018_IoT_Botnet_Final_10_Best,QSVC_ZZ,1map_ZZ,1,full,0,0.01,6,7,4096,0,0.9746666666666668,0.9738993757420802,0.8466724228203303,227.19271338405088,0.1079443380003795,227.30065772205128
success,UNSW_2018_IoT_Botnet_Final_10_Best,QSVC_ZZ,1map_ZZ,1,full,0,0.01,6,8,5120,1,0.976,0.9751855278283492,0.8544856802118692,220.8322136779316,1.5399528520647436,222.37216652999632
success,UNSW_2018_IoT_Botnet_Final_10_Best,QSVC_ZZ,1map_ZZ,1,full,0,0.01,6,9,6144,2,0.9813333333333332,0.9804885644768856,0.8875261579629351,227.2014969580341,0.1093607889488339,227.31085774698292
success,UNSW_2018_IoT_Botnet_Final_10_Best,QSVC_ZZ,1map_ZZ,1,full,0,0.05,6,0,42,0,0.0953333333333333,0.0165948468249137,0.0,216.98327464796603,1.4422783530317247,218.42555300099772
success,UNSW_2018_IoT_Botnet_Final_10_Best,QSVC_ZZ,1map_ZZ,1,full,0,0.05,6,1,123,1,0.0953333333333333,0.0165948468249137,0.0,223.173360817018,0.8250943290768191,223.9984551460948
success,UNSW_2018_IoT_Botnet_Final_10_Best,QSVC_ZZ,1map_ZZ,1,full,0,0.05,6,2,456,2,0.0953333333333333,0.0165948468249137,0.0,228.8947712129448,0.0607616460183635,228.95553285896312
success,UNSW_2018_IoT_Botnet_Final_10_Best,QSVC_ZZ,1map_ZZ,1,full,0,0.05,6,3,789,0,0.0953333333333333,0.0165948468249137,0.0,224.78498308802955,0.9426796089392157,225.7276626969688
success,UNSW_2018_IoT_Botnet_Final_10_Best,QSVC_ZZ,1map_ZZ,1,full,0,0.05,6,4,1024,1,0.0953333333333333,0.0165948468249137,0.0,230.46360309200827,0.0953909700037911,230.5589940620121
success,UNSW_2018_IoT_Botnet_Final_10_Best,QSVC_ZZ,1map_ZZ,1,full,0,0.05,6,5,2048,2,0.0953333333333333,0.0165948468249137,0.0,230.4719067219412,0.248340529971756,230.72024725191292
success,UNSW_2018_IoT_Botnet_Final_10_Best,QSVC_ZZ,1map_ZZ,1,full,0,0.05,6,6,3072,0,0.0953333333333333,0.0165948468249137,0.0,222.8611959950067,1.1584741920232773,224.01967018703
success,UNSW_2018_IoT_Botnet_Final_10_Best,QSVC_ZZ,1map_ZZ,1,full,0,0.05,6,7,4096,1,0.0953333333333333,0.0165948468249137,0.0,224.378533396055,1.2097129679750651,225.58824636403008
success,UNSW_2018_IoT_Botnet_Final_10_Best,QSVC_ZZ,1map_ZZ,1,full,0,0.05,6,8,5120,2,0.0953333333333333,0.0165948468249137,0.0,225.5911635789089,0.2181264930404722,225.80929007194936
success,UNSW_2018_IoT_Botnet_Final_10_Best,QSVC_ZZ,1map_ZZ,1,full,0,0.05,6,9,6144,0,0.0953333333333333,0.0165948468249137,0.0,152.64268334500957,0.061761618941091,152.70444496395066
success,UNSW_NB15,QSVC_Z,1map_Z,1,full,0,0.0,6,0,42,1,0.8693333333333333,0.8618183960087283,0.7243595989046167,97.81604865193368,2.007894072914496,99.82394272484817
success,UNSW_NB15,QSVC_Z,1map_Z,1,full,0,0.0,6,1,123,2,0.8706666666666667,0.8639090040022294,0.724921757488004,97.98913715290836,1.3364273270126432,99.325564479921
success,UNSW_NB15,QSVC_Z,1map_Z,1,full,0,0.0,6,2,456,0,0.86,0.8508713614862842,0.7050871381102992,105.8454068369465,4.02567273308523,109.87107957003172
success,UNSW_NB15,QSVC_Z,1map_Z,1,full,0,0.0,6,3,789,1,0.8646666666666667,0.8559069012034032,0.7163844254586974,115.74329297698569,0.22365102393087,115.96694400091656
success,UNSW_NB15,QSVC_Z,1map_Z,1,full,0,0.0,6,4,1024,2,0.8626666666666667,0.8535800984542385,0.7122434449361263,114.8147961340146,0.5014108510222286,115.31620698503684
success,UNSW_NB15,QSVC_Z,1map_Z,1,full,0,0.0,6,5,2048,0,0.882,0.8758565321966526,0.7517289009020947,104.6728338029934,3.967668295954354,108.64050209894776
success,UNSW_NB15,QSVC_Z,1map_Z,1,full,0,0.0,6,6,3072,1,0.8713333333333333,0.8641863350870483,0.7277463534206912,112.95824805402664,0.5391567409969866,113.4974047950236
success,UNSW_NB15,QSVC_Z,1map_Z,1,full,0,0.0,6,7,4096,2,0.874,0.866776649099328,0.7351829767381238,113.14886609907262,0.2355530279455706,113.3844191270182
success,UNSW_NB15,QSVC_Z,1map_Z,1,full,0,0.0,6,8,5120,0,0.8693333333333333,0.8615464987325728,0.7250160840763193,80.62459582893644,1.4530914159258828,82.07768724486232
success,UNSW_NB15,QSVC_Z,1map_Z,1,full,0,0.0,6,9,6144,1,0.872,0.864053437258022,0.7334461163023578,81.3638492480386,0.9928386049577966,82.3566878529964
success,UNSW_NB15,QSVC_Z,1map_Z,1,full,0,0.002,6,0,42,2,0.8666666666666667,0.8583889971437729,0.7203215213193153,90.60951982892584,0.0587580830324441,90.66827791195828
success,UNSW_NB15,QSVC_Z,1map_Z,1,full,0,0.002,6,1,123,0,0.8706666666666667,0.8639090040022294,0.724921757488004,40.26009155903012,1.326924933004193,41.58701649203431
success,UNSW_NB15,QSVC_Z,1map_Z,1,full,0,0.002,6,2,456,1,0.8606666666666667,0.8515147573981358,0.7070057612702954,40.91112264699768,1.283851457061246,42.19497410405893
success,UNSW_NB15,QSVC_Z,1map_Z,1,full,0,0.002,6,3,789,2,0.8646666666666667,0.8559069012034032,0.7163844254586974,42.73990280507133,0.0586517329793423,42.79855453805067
success,UNSW_NB15,QSVC_Z,1map_Z,1,full,0,0.002,6,4,1024,0,0.8626666666666667,0.8535800984542385,0.7122434449361263,40.067451595910825,1.7511615199036896,41.818613115814514
success,UNSW_NB15,QSVC_Z,1map_Z,1,full,0,0.002,6,5,2048,1,0.882,0.8758565321966526,0.7517289009020947,42.62017297791317,0.0581259479513391,42.67829892586451
success,UNSW_NB15,QSVC_Z,1map_Z,1,full,0,0.002,6,6,3072,2,0.8713333333333333,0.8641863350870483,0.7277463534206912,41.44672829704359,0.9562229349976406,42.40295123204123
success,UNSW_NB15,QSVC_Z,1map_Z,1,full,0,0.002,6,7,4096,0,0.874,0.866776649099328,0.7351829767381238,43.13205361098517,0.094007140956819,43.22606075194199
success,UNSW_NB15,QSVC_Z,1map_Z,1,full,0,0.002,6,8,5120,1,0.87,0.8623122247720648,0.7263997304539439,36.84441228606738,0.947254947037436,37.79166723310482
success,UNSW_NB15,QSVC_Z,1map_Z,1,full,0,0.002,6,9,6144,2,0.872,0.864053437258022,0.7334461163023578,42.49967887601815,0.2396250839810818,42.73930395999923
success,UNSW_NB15,QSVC_Z,1map_Z,1,full,0,0.01,6,0,42,0,0.8673333333333333,0.859880880989113,0.718798797866736,41.996022245963104,1.070123440003954,43.06614568596706
success,UNSW_NB15,QSVC_Z,1map_Z,1,full,0,0.01,6,1,123,1,0.8693333333333333,0.8627283385549759,0.7209113663058202,42.6945205690572,0.0558637579670175,42.75038432702422
success,UNSW_NB15,QSVC_Z,1map_Z,1,full,0,0.01,6,2,456,2,0.8606666666666667,0.8515147573981358,0.7070057612702954,37.33755752397701,0.8646332940552384,38.20219081803225
success,UNSW_NB15,QSVC_Z,1map_Z,1,full,0,0.01,6,3,789,0,0.8633333333333333,0.8544872647620575,0.7130820596085086,42.7061717499746,0.1026960280723869,42.80886777804699
success,UNSW_NB15,QSVC_Z,1map_Z,1,full,0,0.01,6,4,1024,1,0.8593333333333333,0.8504944027898927,0.7021678329253401,32.10366419504862,1.5377812259830534,33.64144542103168
success,UNSW_NB15,QSVC_Z,1map_Z,1,full,0,0.01,6,5,2048,2,0.882,0.8758565321966526,0.7517289009020947,42.98735841701273,0.1016189079964533,43.08897732500918
success,UNSW_NB15,QSVC_Z,1map_Z,1,full,0,0.01,6,6,3072,0,0.8693333333333333,0.8624742555622773,0.7213911330181417,40.371309410082176,1.7358631360111758,42.10717254609335
success,UNSW_NB15,QSVC_Z,1map_Z,1,full,0,0.01,6,7,4096,1,0.874,0.866776649099328,0.7351829767381238,42.62182462296914,0.5055304269772023,43.127355049946345
success,UNSW_NB15,QSVC_Z,1map_Z,1,full,0,0.01,6,8,5120,2,0.8706666666666667,0.8629592895618323,0.728282461784693,43.11894548696,0.2386148140067234,43.357560300966725
success,UNSW_NB15,QSVC_Z,1map_Z,1,full,0,0.01,6,9,6144,0,0.872,0.864053437258022,0.7334461163023578,43.42766753397882,0.1149639840004965,43.54263151797932
success,UNSW_NB15,QSVC_Z,1map_Z,1,full,0,0.05,6,0,42,1,0.8653333333333333,0.8579466929467688,0.713290497269804,43.2328309220029,0.2348432920407503,43.467674214043655
success,UNSW_NB15,QSVC_Z,1map_Z,1,full,0,0.05,6,1,123,2,0.8693333333333333,0.8623935605296766,0.7221226363271877,41.08007860300131,1.5787635139422491,42.65884211694356
success,UNSW_NB15,QSVC_Z,1map_Z,1,full,0,0.05,6,2,456,0,0.86,0.8508713614862842,0.7050871381102992,43.49213965702802,0.2434452469460666,43.735584903974086
success,UNSW_NB15,QSVC_Z,1map_Z,1,full,0,0.05,6,3,789,1,0.8633333333333333,0.8544872647620575,0.7130820596085086,42.712433904991485,0.5992532960372046,43.31168720102869
success,UNSW_NB15,QSVC_Z,1map_Z,1,full,0,0.05,6,4,1024,2,0.86,0.8511371314496314,0.7040613088867873,43.24231025506742,0.3102164909942075,43.55252674606163
success,UNSW_NB15,QSVC_Z,1map_Z,1,full,0,0.05,6,5,2048,0,0.882,0.8758565321966526,0.7517289009020947,43.44962275598664,0.1212525789160281,43.57087533490267
success,UNSW_NB15,QSVC_Z,1map_Z,1,full,0,0.05,6,6,3072,1,0.872,0.8648333445923123,0.7295966403717348,42.713176731951535,0.5721591890323907,43.285335920983925
success,UNSW_NB15,QSVC_Z,1map_Z,1,full,0,0.05,6,7,4096,2,0.8726666666666667,0.8652521657060033,0.7324233227467309,43.46522065193858,0.2390141680371016,43.70423481997568
success,UNSW_NB15,QSVC_Z,1map_Z,1,full,0,0.05,6,8,5120,0,0.866,0.8584378379491664,0.7152299335915037,118.52308369497769,0.0571012790314853,118.58018497400916
success,UNSW_NB15,QSVC_Z,1map_Z,1,full,0,0.05,6,9,6144,1,0.872,0.864053437258022,0.7334461163023578,116.74735318997408,0.8568685270147398,117.60422171698885
success,UNSW_NB15,QSVC_ZZ,1map_ZZ,1,full,0,0.0,6,0,42,2,0.84,0.8422234156820623,0.6711940496068474,110.34561026701704,1.2303509500343353,111.57596121705136
success,UNSW_NB15,QSVC_ZZ,1map_ZZ,1,full,0,0.0,6,1,123,0,0.8633333333333333,0.8647267191625765,0.7135992612577958,279.35036401089747,1.2888121280120686,280.63917613890953
success,UNSW_NB15,QSVC_ZZ,1map_ZZ,1,full,0,0.0,6,2,456,1,0.87,0.8706987871894653,0.7219850140760168,288.2613030759385,0.1080958949169144,288.3693989708554
success,UNSW_NB15,QSVC_ZZ,1map_ZZ,1,full,0,0.0,6,3,789,2,0.842,0.8437057143838474,0.6689472224372437,288.3930970049696,0.2432020680280402,288.63629907299764
success,UNSW_NB15,QSVC_ZZ,1map_ZZ,1,full,0,0.0,6,4,1024,0,0.882,0.8779883524351422,0.7439252184215775,289.2197111209389,0.2386646999511867,289.45837582089007
success,UNSW_NB15,QSVC_ZZ,1map_ZZ,1,full,0,0.0,6,5,2048,1,0.84,0.8429026117694226,0.6854792101608954,279.80642665107735,1.3287674660095945,281.13519411708694
success,UNSW_NB15,QSVC_ZZ,1map_ZZ,1,full,0,0.0,6,6,3072,2,0.8533333333333334,0.8553542293684637,0.6986250392624257,288.8253472129581,0.0962439350550994,288.92159114801325
success,UNSW_NB15,QSVC_ZZ,1map_ZZ,1,full,0,0.0,6,7,4096,0,0.8506666666666667,0.8522984424660661,0.6875497649158131,280.76755926699843,1.3234019411029294,282.09096120810136
success,UNSW_NB15,QSVC_ZZ,1map_ZZ,1,full,0,0.0,6,8,5120,1,0.8446666666666667,0.8466870118074479,0.6786644351442488,285.0036203790223,0.2467445980291813,285.2503649770515
success,UNSW_NB15,QSVC_ZZ,1map_ZZ,1,full,0,0.0,6,9,6144,2,0.8913333333333333,0.8870165475868639,0.768239982890164,285.40518251701724,0.0990765389287844,285.504259055946
success,UNSW_NB15,QSVC_ZZ,1map_ZZ,1,full,0,0.002,6,0,42,0,0.8373333333333334,0.8396601725957659,0.6665802194850422,224.74615109502335,0.0560620550531894,224.80221315007657
success,UNSW_NB15,QSVC_ZZ,1map_ZZ,1,full,0,0.002,6,1,123,1,0.8693333333333333,0.8701822695035462,0.7218654723741998,215.8174503960181,1.232423020992428,217.04987341701053
success,UNSW_NB15,QSVC_ZZ,1map_ZZ,1,full,0,0.002,6,2,456,2,0.8726666666666667,0.8726409475847045,0.7237816326678357,216.2366761630401,1.1111729050753638,217.3478490681155
success,UNSW_NB15,QSVC_ZZ,1map_ZZ,1,full,0,0.002,6,3,789,0,0.838,0.8399146024707,0.6622453965651195,225.02085733704732,1.197029827046208,226.21788716409355
success,UNSW_NB15,QSVC_ZZ,1map_ZZ,1,full,0,0.002,6,4,1024,1,0.884,0.8795892121301848,0.7500059519531984,227.90346729906744,0.0605201520957052,227.96398745116312
success,UNSW_NB15,QSVC_ZZ,1map_ZZ,1,full,0,0.002,6,5,2048,2,0.8546666666666667,0.8566059151362885,0.7004885127042881,225.30496241804207,1.2021144459722564,226.5070768640144
success,UNSW_NB15,QSVC_ZZ,1map_ZZ,1,full,0,0.002,6,6,3072,0,0.8493333333333334,0.8515919206651585,0.6931782676945887,226.8856453349581,0.2756496029905975,227.1612949379487
success,UNSW_NB15,QSVC_ZZ,1map_ZZ,1,full,0,0.002,6,7,4096,1,0.842,0.8441600927088436,0.6744758090340527,226.5763192729792,0.2839891519397497,226.8603084249189
success,UNSW_NB15,QSVC_ZZ,1map_ZZ,1,full,0,0.002,6,8,5120,2,0.8413333333333334,0.8435531763106319,0.6738082584231435,226.54513193899768,0.1673588210251182,226.7124907600228
success,UNSW_NB15,QSVC_ZZ,1map_ZZ,1,full,0,0.002,6,9,6144,0,0.8946666666666667,0.8904421838246609,0.7762432021992621,228.63092937599868,0.2690718019148335,228.9000011779135
success,UNSW_NB15,QSVC_ZZ,1map_ZZ,1,full,0,0.01,6,0,42,1,0.726,0.7282695168948639,0.5429080017372023,209.5507350430125,1.6794810550054535,211.230216098018
success,UNSW_NB15,QSVC_ZZ,1map_ZZ,1,full,0,0.01,6,1,123,2,0.73,0.7323858075857542,0.5492161676051269,228.2980322310468,0.0904549150727689,228.3884871461196
success,UNSW_NB15,QSVC_ZZ,1map_ZZ,1,full,0,0.01,6,2,456,0,0.7513333333333333,0.7560240804052243,0.5404967879975212,220.3754202889977,1.855219335993752,222.23063962499145
success,UNSW_NB15,QSVC_ZZ,1map_ZZ,1,full,0,0.01,6,3,789,1,0.8146666666666667,0.8137097983941357,0.5945674163967892,227.86380423803348,0.0897052569780498,227.95350949501156
success,UNSW_NB15,QSVC_ZZ,1map_ZZ,1,full,0,0.01,6,4,1024,2,0.7346666666666667,0.7380447919769458,0.5436384436622739,227.8474798440002,0.2299132919870317,228.0773931359872
success,UNSW_NB15,QSVC_ZZ,1map_ZZ,1,full,0,0.01,6,5,2048,0,0.7206666666666667,0.7233003231518036,0.5282412975187866,230.1515102799749,0.0574606980662792,230.2089709780412
success,UNSW_NB15,QSVC_ZZ,1map_ZZ,1,full,0,0.01,6,6,3072,1,0.73,0.7329630786130169,0.5416099957520714,227.02956219995397,1.187198887928389,228.21676108788236
success,UNSW_NB15,QSVC_ZZ,1map_ZZ,1,full,0,0.01,6,7,4096,2,0.7266666666666667,0.7294239706297925,0.5382849551867237,227.2653784570284,1.1928690809290856,228.4582475379575
success,UNSW_NB15,QSVC_ZZ,1map_ZZ,1,full,0,0.01,6,8,5120,0,0.7353333333333333,0.7378287071390598,0.5594143354624918,226.668253539945,1.2816220870008692,227.94987562694587
success,UNSW_NB15,QSVC_ZZ,1map_ZZ,1,full,0,0.01,6,9,6144,1,0.7333333333333333,0.7360764217302476,0.5503256771900513,230.83256808004808,0.0561309839831665,230.88869906403124
success,UNSW_NB15,QSVC_ZZ,1map_ZZ,1,full,0,0.05,6,0,42,2,0.6386666666666667,0.4978378085164089,0.0,227.89188890298828,1.0804290419910103,228.9723179449793
success,UNSW_NB15,QSVC_ZZ,1map_ZZ,1,full,0,0.05,6,1,123,0,0.6386666666666667,0.4978378085164089,0.0,228.49526545696423,0.3133717910386622,228.80863724800287
success,UNSW_NB15,QSVC_ZZ,1map_ZZ,1,full,0,0.05,6,2,456,1,0.6393333333333333,0.4986748000542226,0.0,227.10700399498452,1.0700037659844384,228.177007760969
success,UNSW_NB15,QSVC_ZZ,1map_ZZ,1,full,0,0.05,6,3,789,2,0.6393333333333333,0.4986748000542226,0.0,228.19817383599,0.3270230429479852,228.525196878938
success,UNSW_NB15,QSVC_ZZ,1map_ZZ,1,full,0,0.05,6,4,1024,0,0.6393333333333333,0.4986748000542226,0.0,229.2183052679757,0.2915714950067922,229.5098767629825
success,UNSW_NB15,QSVC_ZZ,1map_ZZ,1,full,0,0.05,6,5,2048,1,0.6393333333333333,0.4986748000542226,0.0,229.5172692069318,0.204800026025623,229.72206923295744
success,UNSW_NB15,QSVC_ZZ,1map_ZZ,1,full,0,0.05,6,6,3072,2,0.6393333333333333,0.4986748000542226,0.0,229.59398463997056,0.2951190749881789,229.8891037149588
success,UNSW_NB15,QSVC_ZZ,1map_ZZ,1,full,0,0.05,6,7,4096,0,0.6393333333333333,0.4986748000542226,0.0,229.6058683580486,0.0602334339637309,229.66610179201237
success,UNSW_NB15,QSVC_ZZ,1map_ZZ,1,full,0,0.05,6,8,5120,1,0.6393333333333333,0.4986748000542226,0.0,218.7054421689827,1.216686339932494,219.9221285089152
success,UNSW_NB15,QSVC_ZZ,1map_ZZ,1,full,0,0.05,6,9,6144,2,0.6386666666666667,0.4978378085164089,0.0,227.3504956860561,0.8285603710683063,228.1790560571244
