dataset,model,composition,n_maps,noise_level,num_qubits,n_runs,accuracy_mean,accuracy_std,accuracy_ci95,f1_score_mean,f1_score_std,f1_score_ci95,mcc_mean,mcc_std,mcc_ci95,total_time_mean,total_time_std,total_time_ci95
IoT_Original_Distribution,QVE,2map,2,0.0,6,10,0.9516666666666665,0.006232134961057857,0.0038627172678514883,0.9549370182273105,0.0052760162745730055,0.003270108766354334,0.767876306034177,0.02178670796758629,0.013503541499324069,367.2449136146994,74.9353319660894,46.44539994179851
IoT_Original_Distribution,QVE,2map,2,0.002,6,10,0.9501999999999999,0.0051260650805346475,0.0031771680533938117,0.9537590040270464,0.004454778204701468,0.0027611001371555606,0.7643206170838185,0.020718909713066825,0.012841713284420665,270.0147125910993,16.79254970443868,10.408130138372258
IoT_Original_Distribution,QVE,2map,2,0.01,6,10,0.9163333333333334,0.010101949451271748,0.006261253138485746,0.9261870705955889,0.007794139993311862,0.004830858017090704,0.6681097211339966,0.021394454227397504,0.013260420112339638,245.6169449581992,35.59908033898815,22.06453858979023
IoT_Original_Distribution,QVE,2map,2,0.05,6,10,0.968,0.007048334012068299,0.004368602680802635,0.9674287729467614,0.007004458530486316,0.004341408375576412,0.8071718521979147,0.04170688654384204,0.025850196096182696,274.31170822469994,62.402995582888785,38.677777376433625
IoT_Original_Distribution,QVE,3map,3,0.0,6,10,0.9524666666666665,0.004766653716636127,0.002954402582127892,0.9554501755229727,0.003931894175558389,0.0024370132582488342,0.7674280258135452,0.015386985491836125,0.009536952413720995,546.0573043143002,45.569928140527225,28.24453408391645
IoT_Original_Distribution,QVE,3map,3,0.002,6,10,0.9537999999999999,0.0029987651779678705,0.0018586539135542154,0.9566386472271088,0.002861148453326958,0.0017733581839307054,0.7730895354016734,0.017404141882914264,0.010787198897865159,389.05740197159923,62.42065434543617,38.68872239085435
IoT_Original_Distribution,QVE,3map,3,0.01,6,10,0.9330666666666667,0.006593674484676678,0.004086801786177801,0.9395328015745947,0.005330541738186091,0.0033039039988311553,0.7109920162170429,0.019535623852072352,0.012108305109432744,391.3427951073005,6.339311889479859,3.929146216312623
IoT_Original_Distribution,QVE,3map,3,0.05,6,10,0.906,0.0,0.0,0.8613179433368311,0.0,0.0,0.0,0.0,0.0,410.8931276977011,53.82914088161188,33.36364717649162
IoT_Original_Distribution,QVE,4map,4,0.0,6,10,0.9484666666666668,0.006532350644161086,0.004048792876041756,0.9523339679400618,0.005496176309703821,0.003406565369862523,0.759299258923668,0.022280506581664597,0.013809601051204767,713.7018503463984,93.96060199612593,58.237384475151
IoT_Original_Distribution,QVE,4map,4,0.002,6,10,0.9498,0.004787328954492113,0.0029672172273148595,0.9533864859309835,0.004117820278813945,0.0025522514509512067,0.7622906374842648,0.01874842546545742,0.011620394494498597,475.864866784701,33.47351071287383,20.747096886406652
IoT_Original_Distribution,QVE,4map,4,0.01,6,10,0.9306666666666666,0.010822929477231923,0.006708121188271955,0.9376421245597234,0.008672409688403288,0.005375215213823245,0.7052501155424771,0.029438628523304897,0.018246250995747573,482.87364887990225,13.008967279817263,8.063041455722198
IoT_Original_Distribution,QVE,4map,4,0.05,6,10,0.9239333333333335,0.021692463275593286,0.0134451280340446,0.895611892929638,0.03732899471930301,0.02313675063116948,0.3451466272276905,0.2609240250112848,0.16172238619770266,485.04662566820116,17.752767066406893,11.003279025253203
IoT_Original_Distribution,QWE,2map,2,0.0,6,10,0.953,0.005481731726019546,0.0033976125241406605,0.9558517032251951,0.004631107515886708,0.002870390176507977,0.768172699531141,0.01942030992930505,0.012036832799625554,805.8420159709992,67.03644187786827,41.54961714324153
IoT_Original_Distribution,QWE,2map,2,0.002,6,10,0.952,0.004565030796483149,0.0028294354015170674,0.9550196413272272,0.003948868210798874,0.002447533874287838,0.7650653554024207,0.018276964604257633,0.011328180025291495,631.6454914652993,42.401166645766,26.280515361600557
IoT_Original_Distribution,QWE,2map,2,0.01,6,10,0.9380666666666666,0.006743629824499292,0.004179745068722026,0.9435036643712065,0.005688343106735891,0.0035256715846415255,0.7230316774059948,0.024936995797893314,0.015456110125784591,616.8895418856006,8.714958526024413,5.401587256603626
IoT_Original_Distribution,QWE,2map,2,0.05,6,10,0.906,0.0,0.0,0.8613179433368311,0.0,0.0,0.0,0.0,0.0,629.8587759263021,95.61158933064252,59.2606770267229
IoT_Original_Distribution,QWE,3map,3,0.0,6,10,0.9527999999999999,0.00564636887578926,0.0034996556867677706,0.9558253506105491,0.004813668807357085,0.002983542837259116,0.7703392581848074,0.02083172314678108,0.012911635775056154,970.9612752507994,73.34511236635433,45.459771622457716
IoT_Original_Distribution,QWE,3map,3,0.002,6,10,0.9534666666666667,0.004605954278411251,0.0028548000384018657,0.9564760569226823,0.0039280830402630305,0.0024346510921199735,0.7743982882945155,0.01772396744143365,0.010985428832761079,693.882908277303,87.02623241908606,53.93941768298941
IoT_Original_Distribution,QWE,3map,3,0.01,6,10,0.9413333333333334,0.006206328908341738,0.003846722510667231,0.9462856297613838,0.005075101503998911,0.0031455805013998086,0.7347997954642269,0.01937968021682895,0.012011650242933514,672.4900831064027,15.660595247901478,9.706537497486073
IoT_Original_Distribution,QWE,3map,3,0.05,6,10,0.9402666666666665,0.008044321668799108,0.00498592222607256,0.9452149240892826,0.0066647379455638004,0.004130847375562049,0.727397889586242,0.026279358756160383,0.016288115307158627,721.1112421545956,95.99555801502213,59.4986632829152
IoT_Original_Distribution,QWE,4map,4,0.0,6,10,0.9525333333333332,0.0036622869465693718,0.002269908966467468,0.9556958164875955,0.003235467516279708,0.002005363542798631,0.7714442996561943,0.016526260364641294,0.010243082295617333,1267.6246868479989,165.29306146131526,102.4497009054314
IoT_Original_Distribution,QWE,4map,4,0.002,6,10,0.9506,0.004791453296376609,0.0029697735208988906,0.9541109098887451,0.004075666111520658,0.0025261240273743517,0.7659729736963039,0.017821500776190418,0.011045880619943195,846.4642853264995,27.89461300021335,17.28926025980496
IoT_Original_Distribution,QWE,4map,4,0.01,6,10,0.9367333333333334,0.004054566089341678,0.0025130460981362857,0.9425402278412044,0.003343284828320794,0.0020721894051390294,0.7219484478293113,0.014118906818395421,0.008750989109090926,855.0015663249011,23.02397590754796,14.270408113496005
IoT_Original_Distribution,QWE,4map,4,0.05,6,10,0.9433333333333334,0.006020540970730696,0.003731569953918545,0.9477480087416426,0.005021218537399268,0.003112183492697646,0.73681224212642,0.02069215709979004,0.01282513184292267,858.4423945199,18.669948609678404,11.57175403535603
UNSW_2018_IoT_Botnet_Final_10_Best,QVE,2map,2,0.0,6,10,0.9955333333333332,0.0022454343251678485,0.0013917346135552953,0.9955461648603006,0.0022273084651080696,0.0013805000890969733,0.9743449978205827,0.0127757314284766,0.00791848037736219,368.8807865420007,74.92490583371934,46.43893775800527
UNSW_2018_IoT_Botnet_Final_10_Best,QVE,2map,2,0.002,6,10,0.9953333333333333,0.0023934065809486657,0.0014834487678762535,0.995349740424919,0.0023713160505057142,0.0014697569152557345,0.9732374060920856,0.013581242032798984,0.008417741022421363,270.83788956689966,21.085064234066785,13.068658207758519
UNSW_2018_IoT_Botnet_Final_10_Best,QVE,2map,2,0.01,6,10,0.9912666666666666,0.002023320824904894,0.0012540672398142396,0.9913582312488229,0.0019627572732093214,0.0012165295615709569,0.9508372501989797,0.010755613360436334,0.006666398226818808,258.07495235459936,18.615522256795284,11.53802023234607
UNSW_2018_IoT_Botnet_Final_10_Best,QVE,2map,2,0.05,6,10,0.9674000000000001,0.004348406831853334,0.0026951704772118974,0.9695036880540957,0.0038366688846745165,0.0023779920114799934,0.8479007168698676,0.01646378834259427,0.010204361735195183,275.60662981879943,82.33267844338855,51.030322789697436
UNSW_2018_IoT_Botnet_Final_10_Best,QVE,3map,3,0.0,6,10,0.9960000000000001,0.0017213259316477233,0.001066888865745551,0.9959838619314351,0.0017243091505038783,0.0010687378839490166,0.9767678774806147,0.0100028297755853,0.006199818127008893,544.9790785486009,49.637052957636065,30.76536416216735
UNSW_2018_IoT_Botnet_Final_10_Best,QVE,3map,3,0.002,6,10,0.9960000000000001,0.0017213259316477233,0.001066888865745551,0.9959838619314351,0.0017243091505038783,0.0010687378839490166,0.9767678774806147,0.0100028297755853,0.006199818127008893,405.42444307120167,43.31072346620341,26.844264519529464
UNSW_2018_IoT_Botnet_Final_10_Best,QVE,3map,3,0.01,6,10,0.9934,0.0022976101378778292,0.00142407351731434,0.993416043231783,0.0022701474083386035,0.0014070519411969486,0.9621131500603258,0.012971987306605474,0.00804012103086259,377.9955172728005,35.4699658865447,21.984512623071144
UNSW_2018_IoT_Botnet_Final_10_Best,QVE,3map,3,0.05,6,10,0.09533333333333335,1.4628472785736255e-17,9.066821367772112e-18,0.016594846824913773,0.0,0.0,0.0,0.0,0.0,408.8725485801013,58.64440646708043,36.34817970707776
UNSW_2018_IoT_Botnet_Final_10_Best,QVE,4map,4,0.0,6,10,0.9954666666666666,0.0024904756846438805,0.0015436128216654108,0.9954851738672652,0.0024675080049622457,0.0015293773063142359,0.9740299604415327,0.014127469256335257,0.008756296163108815,709.5478784557024,92.96846605677656,57.622452249047484
UNSW_2018_IoT_Botnet_Final_10_Best,QVE,4map,4,0.002,6,10,0.9954666666666666,0.002549267626613322,0.0015800524448242356,0.9954868417844975,0.002526738203083785,0.001566088563450346,0.9740475441298576,0.014470974975990935,0.008969203213936629,489.73739587829766,11.956146662216257,7.410496476358148
UNSW_2018_IoT_Botnet_Final_10_Best,QVE,4map,4,0.01,6,10,0.9931333333333331,0.0026303076851422855,0.0016302815934905518,0.9932087091125121,0.0025853529295168064,0.0016024183472817266,0.961420400858507,0.014553494046237792,0.009020349063563011,483.1416923850964,18.692509482819762,11.585737409401277
UNSW_2018_IoT_Botnet_Final_10_Best,QVE,4map,4,0.05,6,10,0.13199999999999998,0.0786986752206254,0.04877794425686598,0.07799329459961063,0.13109423043403132,0.08125304583058657,0.03071566023934489,0.06519985462073724,0.04041128856782315,474.40894071049263,33.20757320263766,20.582267109873012
UNSW_2018_IoT_Botnet_Final_10_Best,QWE,2map,2,0.0,6,10,0.9956666666666667,0.001968893905185476,0.001220333085475503,0.9956296888535505,0.002005817265991803,0.001243218421602675,0.9746961194090364,0.01161675412682233,0.0072001388035481395,800.9754775774912,70.99412387910179,44.002613861437574
UNSW_2018_IoT_Botnet_Final_10_Best,QWE,2map,2,0.002,6,10,0.9956666666666667,0.0018121673811444501,0.0011231929794722705,0.9956378892757914,0.001830025808176448,0.0011342617472226812,0.9747648547203738,0.010604883122145128,0.006572974657227821,623.5155943731909,45.35053797585037,28.10855465105927
UNSW_2018_IoT_Botnet_Final_10_Best,QWE,2map,2,0.01,6,10,0.9917333333333334,0.002418039201552966,0.0014987162243025366,0.9916498048333,0.002468251078870054,0.0015298378682938652,0.951645317475921,0.014406870900907908,0.008929471096562709,604.7748000647,20.072499859395144,12.441064306263247
UNSW_2018_IoT_Botnet_Final_10_Best,QWE,2map,2,0.05,6,10,0.09533333333333335,1.4628472785736255e-17,9.066821367772112e-18,0.016594846824913773,0.0,0.0,0.0,0.0,0.0,634.6579313908921,100.47981272143285,62.27803314511036
UNSW_2018_IoT_Botnet_Final_10_Best,QWE,3map,3,0.0,6,10,0.9960000000000001,0.0014054567378526163,0.000871111111111113,0.9959926246448367,0.0014002492267762017,0.000867883462306476,0.9768147483729337,0.008103504663485216,0.005022604226216277,971.0571692319136,65.92978557622408,40.863704461207426
UNSW_2018_IoT_Botnet_Final_10_Best,QWE,3map,3,0.002,6,10,0.9955999999999999,0.0015776212754932532,0.0009778197970769372,0.995598953099625,0.0015612055400320958,0.0009676452188262229,0.9745805522773164,0.008923166794685855,0.005530636078507106,704.3740202691945,85.99661756910638,53.30125578741041
UNSW_2018_IoT_Botnet_Final_10_Best,QWE,3map,3,0.01,6,10,0.9943333333333335,0.0022277708506403746,0.0013807866786190552,0.9943466833101242,0.0022019780380592366,0.0013648001277554796,0.9674236916251852,0.012548593847847126,0.007777699046348372,683.246558190696,14.054226913613304,8.710900088771883
UNSW_2018_IoT_Botnet_Final_10_Best,QWE,3map,3,0.05,6,10,0.9881333333333332,0.0021268419758231918,0.001318230313903395,0.9884240464931405,0.0020425154492219075,0.001265964191222151,0.936365158772249,0.010950056017827947,0.006786915034462849,728.1970247386969,96.24823450242158,59.65527379234042
UNSW_2018_IoT_Botnet_Final_10_Best,QWE,4map,4,0.0,6,10,0.9954666666666666,0.0024904756846438805,0.0015436128216654108,0.9954851738672652,0.0024675080049622457,0.0015293773063142359,0.9740299604415327,0.014127469256335257,0.008756296163108815,1262.8510084301058,173.59231883269558,107.59363391700612
UNSW_2018_IoT_Botnet_Final_10_Best,QWE,4map,4,0.002,6,10,0.9954666666666666,0.002549267626613322,0.0015800524448242356,0.9954868417844975,0.002526738203083785,0.001566088563450346,0.9740475441298576,0.014470974975990935,0.008969203213936629,855.3007788833013,28.0289023950536,17.37249368905192
UNSW_2018_IoT_Botnet_Final_10_Best,QWE,4map,4,0.01,6,10,0.9935333333333333,0.002704363186946905,0.001676181669048536,0.99359769570681,0.0026570647407194703,0.0016468657883548603,0.9635459799362408,0.0149420890707503,0.009261202755077235,847.1231684044803,29.68695804868225,18.400167230197933
UNSW_2018_IoT_Botnet_Final_10_Best,QWE,4map,4,0.05,6,10,0.9879333333333333,0.0022760155785012154,0.001410689070745562,0.9882378066377108,0.002186260404704109,0.0013550582376728707,0.9354679079997457,0.01173275569892118,0.00727203732282669,866.399243019885,18.63586167960487,11.550626737210878
UNSW_NB15,QVE,2map,2,0.0,6,10,0.889,0.004653420353638222,0.002884219816625866,0.8851079596750369,0.0049056515096331695,0.003040554306786914,0.7614511315079937,0.011041904219176077,0.006843843139451817,371.19574088800437,73.43589940813148,45.51604201393046
UNSW_NB15,QVE,2map,2,0.002,6,10,0.8909333333333332,0.0062869647625802575,0.003896701130918776,0.8869749285245753,0.007081686816631591,0.004389274963242429,0.7659505357040592,0.013341183963610729,0.008268951489631277,273.2577494142999,16.928088776788663,10.492138125764427
UNSW_NB15,QVE,2map,2,0.01,6,10,0.8503999999999999,0.015215976009639538,0.009430959638536457,0.8450625558464931,0.013721112859789256,0.008504433859155483,0.6736539300842026,0.03785973537624405,0.023465707098435876,261.72535419320195,8.561388328010306,5.306403461739888
UNSW_NB15,QVE,2map,2,0.05,6,10,0.8384,0.0056147952701702235,0.003480086163258562,0.8242160401070583,0.006851613275683326,0.0042466739051700685,0.6635180919372448,0.011904883355978411,0.007378723149970094,277.8600912322028,52.05629460377172,32.26482566934361
UNSW_NB15,QVE,3map,3,0.0,6,10,0.8627333333333332,0.017856630680485586,0.011067654360208264,0.8628300004501945,0.015414249316886236,0.009553850707558787,0.7118341278293309,0.03345801352590176,0.02073749163040784,546.330998359801,48.322475794956965,29.95058079532225
UNSW_NB15,QVE,3map,3,0.002,6,10,0.8597333333333333,0.019654296172203455,0.012181858975491606,0.8600552126288934,0.017216169047614298,0.01067069212749879,0.7067872166583417,0.03612123998954109,0.022388176494195267,404.15618038000684,42.99169164388648,26.64652654742872
UNSW_NB15,QVE,3map,3,0.01,6,10,0.8426,0.009040102697985426,0.005603113702263572,0.844727584830834,0.008521425348894664,0.005281634150666017,0.6777283125072425,0.01628144434735813,0.01009134375604537,390.6114806066049,5.372123540750419,3.3296766670736218
UNSW_NB15,QVE,3map,3,0.05,6,10,0.695,0.08977681517635759,0.05564424653851918,0.5914594505563603,0.14906318318838002,0.09239031813343936,0.19659042554630807,0.30357402562755037,0.18815713045207955,414.0381404567059,53.458100789036045,33.133674144518864
UNSW_NB15,QVE,4map,4,0.0,6,10,0.8917333333333334,0.008704759589223171,0.0053952658900828345,0.8877444532409378,0.009604563987467412,0.005952970434112281,0.7676547417274275,0.018148648158989426,0.011248648668543935,709.4358556332038,95.8702575768695,59.42100126674485
UNSW_NB15,QVE,4map,4,0.002,6,10,0.8892666666666666,0.007299247382140076,0.004524120398786481,0.8851845515256569,0.008119894296575258,0.00503276262604976,0.7621250206823602,0.015380183994704125,0.009532736802123494,478.6775673699027,21.09362529103292,13.073964405840043
UNSW_NB15,QVE,4map,4,0.01,6,10,0.8698,0.008988607329747758,0.005571196542357868,0.8625823558421626,0.010149492052066427,0.0062907203477480115,0.7238721958968369,0.019212843266249936,0.011908243629639015,489.747499805603,17.228436070668778,10.678295307159335
UNSW_NB15,QVE,4map,4,0.05,6,10,0.6521999999999999,0.021370453815871496,0.013245544503159741,0.5257968327536193,0.04458892570758927,0.02763650247657935,0.08510696122903669,0.13739207365775657,0.08515648950157789,489.3567612980929,8.38169783747786,5.195030141844618
UNSW_NB15,QWE,2map,2,0.0,6,10,0.8580666666666668,0.019174185320791334,0.011884283186805913,0.8586920152548491,0.01682885315363685,0.010430631249303999,0.7047204041087347,0.035732827606402374,0.022147436004977337,812.3543450321929,73.71184496291161,45.68707484073805
UNSW_NB15,QWE,2map,2,0.002,6,10,0.8587999999999999,0.020999235729772827,0.013015461149658568,0.8592456457115997,0.01852107698960651,0.01147948244927229,0.70560045129714,0.03813265604398049,0.02363486508082979,635.4427394768106,38.60600477445179,23.928249663534125
UNSW_NB15,QWE,2map,2,0.01,6,10,0.8380000000000001,0.009625070145647896,0.005965680282630646,0.8406834748921426,0.009277361606521478,0.0057501682973069125,0.6756827398314973,0.016677870751115584,0.010337051386703973,612.6778300306993,16.083684212055093,9.968770754288999
UNSW_NB15,QWE,2map,2,0.05,6,10,0.6414,0.007244921593011826,0.004490448925837549,0.5033881508707373,0.015792120312432944,0.009788057577056804,0.02027604023738173,0.06411846907934741,0.03974103886526819,646.8959703240747,91.8927608598114,56.95572326044265
UNSW_NB15,QWE,3map,3,0.0,6,10,0.8756666666666668,0.010987085572740227,0.006809866190378805,0.8745550893743224,0.008511748133878054,0.005275636150657522,0.7347729329331839,0.022076404077059554,0.013683097008228168,979.3964854250953,72.96961920319123,45.227038548740055
UNSW_NB15,QWE,3map,3,0.002,6,10,0.8740666666666668,0.012786760127878435,0.007925316036071061,0.8729647353589092,0.010170222821383006,0.006303569411690845,0.732274560568669,0.025559498100913517,0.015841941050528448,706.1646664923057,81.56168323943709,50.55245501142512
UNSW_NB15,QWE,3map,3,0.01,6,10,0.8613333333333333,0.019211621996934217,0.011907486679074882,0.8595750100991755,0.01632937133692678,0.010121049211938052,0.7075271727430452,0.036052481386616896,0.022345559470576842,674.3404100381886,13.813107041398778,8.561452443647859
UNSW_NB15,QWE,3map,3,0.05,6,10,0.8221333333333334,0.026845327432129994,0.016638906326831886,0.8031119972293815,0.03380434753032206,0.020952151670294294,0.6290535620798524,0.05640265399386686,0.03495872712900635,716.4074256335938,102.33688359486003,63.42905759744244
UNSW_NB15,QWE,4map,4,0.0,6,10,0.8896,0.007243217346653626,0.004489392623001101,0.8852338752644606,0.0079403996314394,0.004921510679992769,0.7638164730254935,0.015493168452484664,0.00960276529457348,1257.4889556414914,171.88321131417217,106.53431810217425
UNSW_NB15,QWE,4map,4,0.002,6,10,0.8879333333333334,0.006736302975503541,0.004175203840665883,0.8833812087648261,0.007322567231007625,0.004538574190860502,0.7603856621947916,0.014677260583745216,0.00909706035826369,848.1929484771856,20.436059180663868,12.666400708142882
UNSW_NB15,QWE,4map,4,0.01,6,10,0.8688666666666667,0.007006522534374061,0.004342687658439815,0.8615957856141095,0.00789136463416178,0.0048911184738071115,0.7217601984136967,0.015330253793226696,0.009501789742626337,838.4806572945963,33.243995905399295,20.60484213492916
UNSW_NB15,QWE,4map,4,0.05,6,10,0.6978,0.04694314922605064,0.029095665330716135,0.6118664707334568,0.08101281799255994,0.0502122648069312,0.29371962302796034,0.17785082460953294,0.11023308314302911,837.1137269000144,51.040892427211155,31.635472880014937
