dataset,config,model,entanglement,optimization_level,optimization_name,optimization_description,noise_level,two_qubit_error,circuit_depth,total_gates,two_qubit_gates,component_count,aggregate_circuit_depth,aggregate_total_gates,aggregate_two_qubit_gates,accuracy_mean,accuracy_std,accuracy_ci95,accuracy_median,accuracy_min,accuracy_max,f1_mean,f1_std,mcc_mean,mcc_std,avg_kernel_time,kernel_time_std,avg_classifier_time,classifier_time_std,avg_time,time_std,kernel_fraction_of_total,classifier_fraction_of_total,n_runs,num_qubits
IoT_Original_Distribution,6q_5k,QSVC,full,0,L0,baseline_unoptimized,0.0,0.0,124,204,150,1,124,204,150,0.9557111111111111,0.008281786938302824,0.0030924700660853494,0.956,0.9393333333333334,0.9686666666666667,0.9579941640322912,0.007309125118761718,0.7742490475994777,0.03420321030641774,278.1797025579144,4.0717621966942685,0.5264442164179248,0.46582219899749305,278.70614677433235,3.71725624116021,0.9981111137213483,0.001888886278651706,30,6
IoT_Original_Distribution,6q_5k,QSVC,full,0,L0,baseline_unoptimized,0.0003,0.0009,124,204,150,1,124,204,150,0.9543333333333334,0.00747460579567687,0.0027910636739534034,0.9533333333333334,0.9413333333333334,0.97,0.9568059312513413,0.006560683022918458,0.7692820480260006,0.030529589459242803,223.12227602999968,7.226621087490709,0.5967277224369657,0.5107423964800516,223.71900375243663,6.930430742554723,0.9973326909541521,0.00266730904584795,30,6
IoT_Original_Distribution,6q_5k,QSVC,full,0,L0,baseline_unoptimized,0.0005,0.0015,124,204,150,1,124,204,150,0.9553777777777778,0.007862678383765868,0.0029359723598534337,0.9546666666666667,0.9413333333333334,0.9713333333333334,0.9576947730481414,0.006887721058415836,0.7728525783050965,0.03157039715786457,220.7291813207208,7.361725229695033,0.6099426125331472,0.542285965656053,221.33912393325397,6.983689330370447,0.9972443072797329,0.0027556927202670176,30,6
IoT_Original_Distribution,6q_5k,QSVC,full,0,L0,baseline_unoptimized,0.001,0.003,124,204,150,1,124,204,150,0.9524222222222221,0.00656820002713256,0.002452606197586016,0.9523333333333333,0.9413333333333334,0.9693333333333334,0.9551163417441583,0.005661325856676873,0.7614526717247107,0.025075913251974405,219.90456295053008,7.6245900092626515,0.6654043418820947,0.5729484129295921,220.56996729241217,7.294864137330502,0.9969832504848679,0.0030167495151321327,30,6
IoT_Original_Distribution,6q_5k,QSVC,full,0,L0,baseline_unoptimized,0.002,0.006,124,204,150,1,124,204,150,0.9540000000000001,0.0067874122843128906,0.0025344613996697465,0.9526666666666667,0.9393333333333334,0.9666666666666667,0.9565209303262526,0.005958183345842338,0.7680919459011502,0.027864918108067283,223.42889829960185,4.5536970432202235,0.5503113461968799,0.4956422948260359,223.97920964579873,4.376985263019213,0.9975430248768752,0.002456975123124792,30,6
IoT_Original_Distribution,6q_5k,QSVC,full,0,L0,baseline_unoptimized,0.005,0.015,124,204,150,1,124,204,150,0.9497333333333334,0.006038446426775861,0.0022547929522431266,0.9496666666666667,0.9406666666666667,0.9633333333333334,0.9527831409145268,0.005212620842429366,0.7512496834715895,0.023844114239154474,223.32730990854714,4.300222128887812,0.586401111232893,0.4830112084155789,223.91371101978,3.9639456279008036,0.9973811290583225,0.0026188709416775807,30,6
IoT_Original_Distribution,6q_5k,QSVC,full,0,L0,baseline_unoptimized,0.008,0.024,124,204,150,1,124,204,150,0.9214666666666667,0.009686899159466389,0.0036171475923016294,0.922,0.9026666666666666,0.9386666666666666,0.9281102295124527,0.007724393053209616,0.6373900310614592,0.031046149713511616,223.17019145264058,5.006330564843908,0.6262552438381438,0.5262600207433212,223.7964466964787,4.6417645893471775,0.9972016747670374,0.00279832523296268,30,6
IoT_Original_Distribution,6q_5k,QSVC,full,0,L0,baseline_unoptimized,0.01,0.03,124,204,150,1,124,204,150,0.8044222222222223,0.06083543112952515,0.022716323316089436,0.7826666666666666,0.7193333333333334,0.9286666666666666,0.8410285972747749,0.04469447483528428,0.4706715288575443,0.06983986621391187,222.48933489743698,4.356349839639976,0.6322450677515008,0.5828724413854957,223.1215799651885,3.996397796049449,0.9971663652263033,0.002833634773696672,30,6
IoT_Original_Distribution,6q_5k,QSVC,full,0,L0,baseline_unoptimized,0.02,0.06,124,204,150,1,124,204,150,0.9059999999999998,2.2584051416334807e-16,8.433023391719875e-17,0.906,0.906,0.906,0.8613179433368313,2.2584051416334807e-16,0.0,0.0,222.9500189622321,7.828952555219074,0.5544424736057408,0.5225568371186774,223.50446143583784,7.557821733494965,0.997519322567237,0.0024806774327630434,30,6
IoT_Original_Distribution,6q_5k,QSVC,full,0,L0,baseline_unoptimized,0.05,0.15000000000000002,124,204,150,1,124,204,150,0.9059999999999998,2.2584051416334807e-16,8.433023391719875e-17,0.906,0.906,0.906,0.8613179433368313,2.2584051416334807e-16,0.0,0.0,222.0528232592352,6.13340684409502,0.7103663615960006,0.5677347938151563,222.7631896208312,5.907326676183857,0.9968111142473532,0.0031888857526466852,30,6
IoT_Original_Distribution,6q_5k,QSVC,full,3,L3,qiskit_heavy,0.0,0.0,124,196,142,1,124,196,142,0.9551777777777778,0.007864140122879693,0.0029365181822088755,0.9543333333333333,0.9406666666666667,0.9686666666666667,0.957458487868602,0.006880025304108234,0.7710304868776093,0.03160002536748458,274.1509333164625,4.282148232695587,0.4876014963296863,0.483238404708919,274.6385348127922,3.869093330727962,0.9982245699910172,0.0017754300089827548,30,6
IoT_Original_Distribution,6q_5k,QSVC,full,3,L3,qiskit_heavy,0.0003,0.0009,124,196,142,1,124,196,142,0.9542,0.006232162284736733,0.0023271276423930767,0.9543333333333333,0.9433333333333334,0.968,0.9566329420466971,0.005418272586071538,0.7677018044398713,0.024605497520821907,219.9725780376466,7.311689955574577,0.6232230556818347,0.5189281834877163,220.59580109332845,6.98715088766693,0.9971748190464506,0.00282518095354936,30,6
IoT_Original_Distribution,6q_5k,QSVC,full,3,L3,qiskit_heavy,0.0005,0.0015,124,196,142,1,124,196,142,0.9548000000000001,0.007849933498998419,0.0029312133416689932,0.9546666666666667,0.94,0.9713333333333334,0.9572410454270274,0.006881975592223937,0.7715915412092321,0.031779377863960186,220.34309679123106,6.026822798972636,0.601289031871905,0.5411985332515146,220.94438582310298,5.743066441750946,0.9972785503029105,0.0027214496970894807,30,6
IoT_Original_Distribution,6q_5k,QSVC,full,3,L3,qiskit_heavy,0.001,0.003,124,196,142,1,124,196,142,0.9546222222222221,0.007786289814005674,0.002907448399126803,0.954,0.9413333333333334,0.9713333333333334,0.957069499025213,0.006867790664893384,0.7705404408309469,0.03216302102429918,222.3612855807296,4.346833010368842,0.5339372499729507,0.5452758188180761,222.89522283070255,3.984147652001594,0.9976045370412514,0.0023954629587485438,30,6
IoT_Original_Distribution,6q_5k,QSVC,full,3,L3,qiskit_heavy,0.002,0.006,124,196,142,1,124,196,142,0.9526000000000001,0.006612075334559121,0.0024689895066312426,0.954,0.9373333333333334,0.966,0.9552522060904689,0.005629600493390158,0.7617919114118479,0.023976585948078537,221.32231240086645,5.649523842292045,0.6593554498394951,0.5956021655695684,221.98166785070595,5.169571515179947,0.9970296851256972,0.002970314874302798,30,6
IoT_Original_Distribution,6q_5k,QSVC,full,3,L3,qiskit_heavy,0.005,0.015,124,196,142,1,124,196,142,0.9509555555555556,0.00615180460290199,0.002297121590860329,0.9496666666666667,0.9413333333333334,0.9666666666666667,0.9538132367421202,0.005475167908688258,0.7553210119594961,0.027116221612861736,219.14634889153143,6.76860312788118,0.6644011092643874,0.576230517785966,219.81075000079582,6.4057123953797985,0.9969773948304986,0.0030226051695014097,30,6
IoT_Original_Distribution,6q_5k,QSVC,full,3,L3,qiskit_heavy,0.008,0.024,124,196,142,1,124,196,142,0.9255111111111111,0.00971144339542159,0.00362631256062934,0.9266666666666666,0.9026666666666666,0.9386666666666666,0.931615479754878,0.007714465542699472,0.6536392111057674,0.030047501122844458,221.42725812204105,6.902088214606114,0.6245811452584652,0.5923319129994136,222.0518392672995,6.524633725428544,0.9971872282286903,0.0028127717713097287,30,6
IoT_Original_Distribution,6q_5k,QSVC,full,3,L3,qiskit_heavy,0.01,0.03,124,196,142,1,124,196,142,0.7582666666666665,0.08405373213045017,0.031386179394931574,0.7523333333333333,0.6173333333333333,0.92,0.8054453147300795,0.06341970499901953,0.4250138596466545,0.07774643050518742,221.89883516863532,3.658146121803643,0.562672680162359,0.49934422207804674,222.46150784879768,3.3408631259952117,0.9974706964561941,0.00252930354380586,30,6
IoT_Original_Distribution,6q_5k,QSVC,full,3,L3,qiskit_heavy,0.02,0.06,124,196,142,1,124,196,142,0.9056666666666666,0.003159853529754485,0.001179908699267068,0.906,0.8906666666666667,0.9133333333333333,0.8622581181333591,0.0060084446795542175,0.011729753171265078,0.05954789560073873,220.52114311634406,5.851197923466953,0.685118228639476,0.6597053831036399,221.20626134498355,5.419250914432204,0.9969028081552764,0.0030971918447235806,30,6
IoT_Original_Distribution,6q_5k,QSVC,full,3,L3,qiskit_heavy,0.05,0.15000000000000002,124,196,142,1,124,196,142,0.9059999999999998,2.2584051416334807e-16,8.433023391719875e-17,0.906,0.906,0.906,0.8613179433368313,2.2584051416334807e-16,0.0,0.0,220.40958951789653,6.485333040933853,0.5520605199970305,0.4951591118959094,220.96165003789355,6.0699066168902975,0.9975015550440435,0.0024984449559566357,30,6
IoT_Original_Distribution,6q_5k,QVE,full,0,L0,baseline_unoptimized,0.0,0.0,124,204,150,2,126,216,150,0.9519555555555554,0.006104915005846356,0.0022796127275696407,0.952,0.94,0.9633333333333334,0.9551087831980996,0.005258229908185248,0.7673838138859949,0.023364600712698344,379.65359194629514,7.579090374169205,4.283035357362436,0.4803743728229188,383.9366273036576,7.376768934349701,0.988844421050834,0.011155578949165898,30,6
IoT_Original_Distribution,6q_5k,QVE,full,0,L0,baseline_unoptimized,0.0003,0.0009,124,204,150,2,126,216,150,0.9518222222222222,0.005148918967992485,0.0019226379403185765,0.9516666666666667,0.9393333333333334,0.9633333333333334,0.9549842078247358,0.004459496961445634,0.7667280088284179,0.020340733349333413,260.98666751378136,3.9343229910030213,1.6441455450374634,0.5472682014062954,262.63081305881883,3.7025812843697135,0.9937397081253019,0.00626029187469804,30,6
IoT_Original_Distribution,6q_5k,QVE,full,0,L0,baseline_unoptimized,0.0005,0.0015,124,204,150,2,126,216,150,0.9519999999999998,0.005113276236399891,0.0019093287256110802,0.952,0.942,0.962,0.9551699825323653,0.004473051244929136,0.7680757849919361,0.02123978633575172,260.3574018130545,3.739934288074331,1.5195146087906324,0.5964960707817112,261.87691642184507,3.4578905304613166,0.9941976000422165,0.005802399957783673,30,6
IoT_Original_Distribution,6q_5k,QVE,full,0,L0,baseline_unoptimized,0.001,0.003,124,204,150,2,126,216,150,0.9504888888888889,0.005344624064019479,0.0019957154241698892,0.9503333333333333,0.938,0.962,0.9538606624932108,0.004592391741122421,0.7623838955946776,0.02065730763330224,261.45682541577844,4.01510042942779,1.6330082407065978,0.5277541912646216,263.08983365648504,3.6827228619056114,0.9937929633463571,0.00620703665364283,30,6
IoT_Original_Distribution,6q_5k,QVE,full,0,L0,baseline_unoptimized,0.002,0.006,124,204,150,2,126,216,150,0.9496444444444444,0.005951871680458054,0.0022224654106797817,0.9496666666666667,0.9373333333333334,0.9613333333333334,0.953168864104541,0.005087932042464847,0.7599889921457926,0.022439561161504293,261.05775144369886,4.440537449517086,1.4636034401948563,0.5618734826393618,262.5213548838937,4.307671573261422,0.9944248213984643,0.005575178601535748,30,6
IoT_Original_Distribution,6q_5k,QVE,full,0,L0,baseline_unoptimized,0.005,0.015,124,204,150,2,126,216,150,0.9449555555555555,0.005781946624523415,0.0021590143520048245,0.944,0.9326666666666666,0.9566666666666667,0.9492360917987267,0.004889675956710158,0.744779674609038,0.021102424687077882,261.2458961916156,2.649315512995794,1.4473902282964748,0.5753569649555887,262.6932864199121,2.363515687641446,0.9944901894980944,0.0055098105019054,30,6
IoT_Original_Distribution,6q_5k,QVE,full,0,L0,baseline_unoptimized,0.008,0.024,124,204,150,2,126,216,150,0.9331555555555553,0.00985089347070288,0.0036783840745107537,0.934,0.9026666666666666,0.9486666666666667,0.9395228621674154,0.007920155835093297,0.7093028508343974,0.027741564151073355,261.0542315032139,2.8167052667104753,1.639789743096723,0.583261677669809,262.6940212463106,2.606444097098065,0.9937577957225024,0.006242204277497438,30,6
IoT_Original_Distribution,6q_5k,QVE,full,0,L0,baseline_unoptimized,0.01,0.03,124,204,150,2,126,216,150,0.9178666666666667,0.011603143978748637,0.004332685167352537,0.9183333333333333,0.8766666666666667,0.9353333333333333,0.9274542049873524,0.009101040107160162,0.6729757225478059,0.02836887284870988,260.8916209200475,4.378631775585522,1.6869219947024248,0.6388677409978837,262.5785429147499,4.042465519026734,0.9935755527623211,0.006424447237678935,30,6
IoT_Original_Distribution,6q_5k,QVE,full,0,L0,baseline_unoptimized,0.02,0.06,124,204,150,2,126,216,150,0.9632,0.004715345454854902,0.0017607389297772343,0.9630000000000001,0.9526666666666667,0.9733333333333334,0.9640256471743807,0.004433593622785801,0.7958199907603186,0.024800455300265815,262.0836435112326,3.422319559301628,1.4378507379791698,0.48487173989926485,263.5214942492118,3.121959585766883,0.9945437060378102,0.0054562939621896536,30,6
IoT_Original_Distribution,6q_5k,QVE,full,0,L0,baseline_unoptimized,0.05,0.15000000000000002,124,204,150,2,126,216,150,0.9677777777777778,0.005414138814807259,0.0020216726587092564,0.9666666666666667,0.9593333333333334,0.98,0.9671508589505995,0.005520058081908008,0.8048899621968697,0.03293852474493881,262.16152876615524,3.1477915975329838,1.4091970728361047,0.4877387093611434,263.57072583899134,3.0202572139778208,0.9946534385852208,0.0053465614147792245,30,6
IoT_Original_Distribution,6q_5k,QVE,full,3,L3,qiskit_heavy,0.0,0.0,124,196,142,2,126,208,142,0.9522888888888889,0.005225001298526555,0.0019510475494388562,0.9523333333333334,0.94,0.962,0.9553866210358258,0.00450421176898197,0.7684172975766124,0.02009945069048771,376.33682327810675,6.990096321062214,4.2625254160297725,0.8287927392634643,380.5993486941365,6.800836377037937,0.9888004920905547,0.01119950790944546,30,6
IoT_Original_Distribution,6q_5k,QVE,full,3,L3,qiskit_heavy,0.0003,0.0009,124,196,142,2,126,208,142,0.9512888888888889,0.004988671713608325,0.001862800632132895,0.9516666666666667,0.9386666666666666,0.9613333333333334,0.9545424781470381,0.0043039637774093436,0.7651835611491205,0.01972028152805908,259.8696908966987,6.297739588600936,1.3990856121682251,0.6408184619853015,261.26877650886695,5.957595663505676,0.9946450332455982,0.005354966754401833,30,6
IoT_Original_Distribution,6q_5k,QVE,full,3,L3,qiskit_heavy,0.0005,0.0015,124,196,142,2,126,208,142,0.9517333333333333,0.006802298462124122,0.002540019989817333,0.9506666666666667,0.9386666666666666,0.966,0.9549460476067932,0.005904483893172295,0.7671017081913155,0.026625505227362498,260.4460925422687,4.612421006916252,1.627407595057351,0.6046452285930665,262.073500137326,4.28323646274898,0.9937902626774375,0.006209737322562536,30,6
IoT_Original_Distribution,6q_5k,QVE,full,3,L3,qiskit_heavy,0.001,0.003,124,196,142,2,126,208,142,0.9506444444444444,0.0057147609727559515,0.002133926817332761,0.9506666666666667,0.938,0.9613333333333334,0.953998847594774,0.004947811161464813,0.7629955432602448,0.022607475211105066,257.4741181735221,5.497568363564674,1.583452138522019,0.5348607415229251,259.0575703120441,5.408069682631187,0.9938876438290736,0.006112356170926386,30,6
IoT_Original_Distribution,6q_5k,QVE,full,3,L3,qiskit_heavy,0.002,0.006,124,196,142,2,126,208,142,0.9502444444444443,0.005408899529956132,0.0020197162775936217,0.9503333333333333,0.9373333333333334,0.9606666666666667,0.9536777897421432,0.004709328950849325,0.7620173399377809,0.022034196886364137,258.3906574011082,6.377066186490927,1.5245674029147873,0.6222559799565168,259.91522480402296,6.033964444222961,0.9941343666802731,0.00586563331972691,30,6
IoT_Original_Distribution,6q_5k,QVE,full,3,L3,qiskit_heavy,0.005,0.015,124,196,142,2,126,208,142,0.945688888888889,0.006396199382363921,0.0023883801013030565,0.9456666666666667,0.932,0.9573333333333334,0.9498284187286612,0.005383928482703936,0.7466695394982025,0.022558098002046684,258.52829441240755,5.516910904948903,1.6169325868637923,0.592886346202618,260.14522699927136,5.09787990489613,0.9937845002750393,0.006215499724960632,30,6
IoT_Original_Distribution,6q_5k,QVE,full,3,L3,qiskit_heavy,0.008,0.024,124,196,142,2,126,208,142,0.9350444444444446,0.007706658977312566,0.002877713756030414,0.9363333333333334,0.9173333333333333,0.948,0.9410403485588975,0.0062704886635966154,0.7143942572663915,0.02362503278400925,259.5875459436017,6.226392161105364,1.445271542070744,0.63046397450064,261.0328174856724,6.115137739151272,0.9944632573176357,0.005536742682364344,30,6
IoT_Original_Distribution,6q_5k,QVE,full,3,L3,qiskit_heavy,0.01,0.03,124,196,142,2,126,208,142,0.9152222222222223,0.007743163259735789,0.0028913446791051962,0.9146666666666667,0.8973333333333333,0.9306666666666666,0.9253144363848598,0.006098898508474975,0.6656087990312748,0.020536360731442417,257.81788127255857,6.2445515407361,1.668080079202385,0.5386687353748439,259.485961351761,5.983129270459684,0.9935715979758105,0.006428402024189371,30,6
IoT_Original_Distribution,6q_5k,QVE,full,3,L3,qiskit_heavy,0.02,0.06,124,196,142,2,126,208,142,0.9547111111111111,0.012951939848891278,0.00483633382249778,0.9583333333333333,0.8973333333333333,0.9706666666666667,0.9571534146506022,0.010606969460780232,0.7713556389258295,0.03944263233125132,259.0707292993941,3.5487531479414276,1.4519966325101754,0.5850750008560123,260.5227259319043,3.1938722568250975,0.9944266027951445,0.005573397204855364,30,6
IoT_Original_Distribution,6q_5k,QVE,full,3,L3,qiskit_heavy,0.05,0.15000000000000002,124,196,142,2,126,208,142,0.9677999999999999,0.005095712268653341,0.0019027702322686971,0.9666666666666667,0.9593333333333334,0.98,0.9671552170783665,0.005200091527676044,0.80496744381699,0.03130051698411374,260.5499379812274,3.5985643467576964,1.541387608088553,0.756505336764256,262.09132558931594,2.9885774450914497,0.9941188911742016,0.005881108825798495,30,6
IoT_Original_Distribution,6q_5k,QWE,full,0,L0,baseline_unoptimized,0.0,0.0,124,204,150,2,186,306,225,0.9535333333333335,0.006032225083963757,0.0022524698646582113,0.954,0.942,0.9686666666666667,0.956164765631655,0.005168947830979801,0.7673243262214892,0.022553541005540287,817.0512001904775,13.803640553065426,5.528962500808605,0.5096963439629361,822.5801626912861,13.922412952229699,0.9932785122331189,0.006721487766881174,30,6
IoT_Original_Distribution,6q_5k,QWE,full,0,L0,baseline_unoptimized,0.0003,0.0009,124,204,150,2,186,306,225,0.953311111111111,0.006250169857206579,0.002333851780461434,0.9530000000000001,0.9426666666666667,0.9673333333333334,0.9559984439251615,0.00544780437486359,0.7669045985447595,0.024969109903289412,601.5922297858051,18.74773326795862,4.130227387793517,0.8580366801450001,605.7224571735986,18.514931729445532,0.9931813203574029,0.00681867964259711,30,6
IoT_Original_Distribution,6q_5k,QWE,full,0,L0,baseline_unoptimized,0.0005,0.0015,124,204,150,2,186,306,225,0.9533333333333331,0.006039461547641539,0.0022551720046039224,0.9526666666666667,0.9426666666666667,0.9673333333333334,0.9560022010672043,0.005248017634128149,0.7667948028884296,0.024133117469972272,603.9813557049221,15.217281293890581,4.5326817679335365,0.8008620754000398,608.5140374728556,14.909166696249969,0.9925512289137032,0.007448771086296803,30,6
IoT_Original_Distribution,6q_5k,QWE,full,0,L0,baseline_unoptimized,0.001,0.003,124,204,150,2,186,306,225,0.9550666666666667,0.006479203394581205,0.0024193743088405345,0.9553333333333334,0.9426666666666667,0.9673333333333334,0.9575348252424647,0.0057185313661372575,0.7737475277490778,0.02698767034465386,607.1391607844776,10.145800616135542,4.292530886099363,1.0314916944152928,611.4316916705769,10.10934307388874,0.992979541386919,0.007020458613080959,30,6
IoT_Original_Distribution,6q_5k,QWE,full,0,L0,baseline_unoptimized,0.002,0.006,124,204,150,2,186,306,225,0.9535555555555554,0.006388047587453139,0.002385336171057777,0.9526666666666667,0.942,0.9673333333333334,0.9562426588476561,0.005600414810216436,0.7684384635235685,0.02602631130202958,604.9773015682081,12.695045088242608,4.465439708030317,0.9633702871845611,609.4427412762384,12.20194425589479,0.9926729134574985,0.0073270865425014466,30,6
IoT_Original_Distribution,6q_5k,QWE,full,0,L0,baseline_unoptimized,0.005,0.015,124,204,150,2,186,306,225,0.9518222222222222,0.005866805989289589,0.002190701359569908,0.952,0.9353333333333333,0.9646666666666667,0.9546749261668188,0.005118685920032831,0.7606610435569977,0.023891661185922293,599.9063673725778,15.458214979181216,4.476595225080382,0.8249913921679537,604.3829625976582,15.091552424391523,0.9925931147929125,0.007406885207087616,30,6
IoT_Original_Distribution,6q_5k,QWE,full,0,L0,baseline_unoptimized,0.008,0.024,124,204,150,2,186,306,225,0.949,0.006869890996140368,0.0025652594568180294,0.9473333333333334,0.932,0.9606666666666667,0.952350584739327,0.005800526217513127,0.752339681513828,0.024422016798019114,599.0708873547924,17.133362873783117,4.559604225036067,0.9254651797723411,603.6304915798285,16.99034866061591,0.9924463653035441,0.007553634696455807,30,6
IoT_Original_Distribution,6q_5k,QWE,full,0,L0,baseline_unoptimized,0.01,0.03,124,204,150,2,186,306,225,0.9405999999999999,0.006570221921058214,0.0024533611851857294,0.94,0.93,0.956,0.9454936227659899,0.005443359250321318,0.7286176980009921,0.02196053035901856,597.1290155278713,22.49639690925127,4.2167230916015495,0.7415600999195173,601.3457386194729,22.17827772194449,0.9929878557029738,0.007012144297026208,30,6
IoT_Original_Distribution,6q_5k,QWE,full,0,L0,baseline_unoptimized,0.02,0.06,124,204,150,2,186,306,225,0.9124222222222222,0.017864953883705445,0.006670883413076063,0.9163333333333333,0.8793333333333333,0.9426666666666667,0.9218127661102056,0.013581915835599971,0.6307225818873758,0.037464112510586116,600.4821347383744,17.683362436660033,4.107438649085816,0.9910700466040133,604.5895733874602,17.202240758803416,0.9932062363793802,0.006793763620619874,30,6
IoT_Original_Distribution,6q_5k,QWE,full,0,L0,baseline_unoptimized,0.05,0.15000000000000002,124,204,150,2,186,306,225,0.9059999999999998,2.2584051416334807e-16,8.433023391719875e-17,0.906,0.906,0.906,0.8613179433368313,2.2584051416334807e-16,0.0,0.0,601.6894195072042,18.35999360863997,4.330890112362492,0.9721177451828038,606.0203096195668,18.007945810515913,0.9928535561537841,0.007146443846215709,30,6
IoT_Original_Distribution,6q_5k,QWE,full,3,L3,qiskit_heavy,0.0,0.0,124,196,142,2,181,310,193,0.9562444444444445,0.006286842876903805,0.0023475457110698284,0.9566666666666667,0.942,0.9666666666666667,0.9585441805984058,0.00550340055827613,0.7780166242549947,0.02543625544832028,831.3867040755964,12.194196054071568,5.1799141069369705,0.4469297994476442,836.5666181825334,12.303314030072519,0.993808127177976,0.006191872822024016,30,6
IoT_Original_Distribution,6q_5k,QWE,full,3,L3,qiskit_heavy,0.0003,0.0009,124,196,142,2,181,310,193,0.9546222222222223,0.007096344822087775,0.002649818705119142,0.9546666666666667,0.9426666666666667,0.9706666666666667,0.9571421716239089,0.006217429032731467,0.7719522801660748,0.028621715153208684,625.9342581707169,15.095889671093744,4.3710961924865845,0.9594591057070984,630.3053543632035,14.597540881506875,0.993065113341925,0.006934886658074952,30,6
IoT_Original_Distribution,6q_5k,QWE,full,3,L3,qiskit_heavy,0.0005,0.0015,124,196,142,2,181,310,193,0.9542666666666667,0.006949406656223486,0.0025949510922614366,0.954,0.9426666666666667,0.9666666666666667,0.9568269430217313,0.006090528126783383,0.7704840926904686,0.02816773262085801,620.4698563982034,23.08711858960206,4.06587844893802,1.0492736834838197,624.5357348471414,23.04005136335569,0.9934897585164872,0.006510241483512815,30,6
IoT_Original_Distribution,6q_5k,QWE,full,3,L3,qiskit_heavy,0.001,0.003,124,196,142,2,181,310,193,0.9533777777777777,0.005882458717402209,0.0021965461843041663,0.9530000000000001,0.9426666666666667,0.9666666666666667,0.9560715964434822,0.005119991127341432,0.7675049330396315,0.02356331536293189,624.8497723127443,13.118610836404871,4.3926124299915195,0.7255891033748565,629.2423847427359,13.146798242976905,0.9930192044647668,0.006980795535233101,30,6
IoT_Original_Distribution,6q_5k,QWE,full,3,L3,qiskit_heavy,0.002,0.006,124,196,142,2,181,310,193,0.9527777777777775,0.0060040429120643895,0.0022419464687238157,0.9526666666666667,0.9426666666666667,0.9666666666666667,0.955477172688132,0.005252439775216101,0.7637442821269842,0.024355429576096786,616.2665925198545,21.722118803105086,4.157018571676842,0.6627263220604731,620.4236110915314,21.87055717982177,0.9932997092674096,0.006700290732590373,30,6
IoT_Original_Distribution,6q_5k,QWE,full,3,L3,qiskit_heavy,0.005,0.015,124,196,142,2,181,310,193,0.9539555555555554,0.005954960798345699,0.002223618906256198,0.9533333333333334,0.942,0.9666666666666667,0.9565545300664444,0.005236601557741661,0.76931483042943,0.024734440467531853,616.0901849555589,16.71388227010009,4.350295534485485,0.9566082233120096,620.4404804900444,16.45784986666612,0.9929883757245346,0.007011624275465518,30,6
IoT_Original_Distribution,6q_5k,QWE,full,3,L3,qiskit_heavy,0.008,0.024,124,196,142,2,181,310,193,0.9495777777777776,0.006299019770079861,0.0023520926377084157,0.9503333333333333,0.934,0.958,0.952862176448903,0.005435721836996125,0.7547507705704546,0.02489495696371192,615.7177898084939,22.741114630602052,4.113577037743138,1.0101197544196803,619.8313668462371,22.397428345230498,0.9933633932424661,0.006636606757533782,30,6
IoT_Original_Distribution,6q_5k,QWE,full,3,L3,qiskit_heavy,0.01,0.03,124,196,142,2,181,310,193,0.9446888888888888,0.005406065369949164,0.0020186579848544654,0.9436666666666667,0.9326666666666666,0.9553333333333334,0.9488423936055241,0.0045847958451340765,0.7405578176466201,0.020871448563723843,623.1387524622647,16.449095566068227,4.339154036246085,0.7784597455018061,627.4779064985108,16.332143813781773,0.9930847700113304,0.006915229988669542,30,6
IoT_Original_Distribution,6q_5k,QWE,full,3,L3,qiskit_heavy,0.02,0.06,124,196,142,2,181,310,193,0.9381333333333333,0.008375113655087434,0.0031273188348562085,0.937,0.9253333333333333,0.9586666666666667,0.9430291179478323,0.006846265298516524,0.7124174770454389,0.02633637300768852,615.4945439692935,22.355634281009372,4.047119196442266,0.9146512725156457,619.5416631657358,22.0324836947052,0.9934675592666967,0.006532440733303205,30,6
IoT_Original_Distribution,6q_5k,QWE,full,3,L3,qiskit_heavy,0.05,0.15000000000000002,124,196,142,2,181,310,193,0.8804444444444444,0.07039164294992904,0.02628467145398854,0.906,0.58,0.9066666666666666,0.8539802644714858,0.04136487867168255,0.09129943405508985,0.16690822590545942,623.2696935831142,14.350746454296093,4.127755136652073,0.8376530080133734,627.3974487197663,14.224808833668604,0.9934208289417259,0.006579171058274065,30,6
IoT_Original_Distribution,6q_5k,QSVC,linear,0,L0,baseline_unoptimized,0.0,0.0,25,54,20,1,25,54,20,0.9515555555555556,0.00489063013227099,0.0018261913040040656,0.952,0.9426666666666667,0.9633333333333334,0.9546506332072128,0.004165359664031829,0.7637191259788776,0.018182957813398033,152.86608479742816,4.73073985151639,0.7484525007001746,0.8292088404494123,153.6145372981283,3.98776407428958,0.9951277234963277,0.004872276503672377,30,6
IoT_Original_Distribution,6q_5k,QSVC,linear,0,L0,baseline_unoptimized,0.0003,0.0009,25,54,20,1,25,54,20,0.9519111111111112,0.006629166561308696,0.002475371475584258,0.9523333333333333,0.932,0.9633333333333334,0.9549889727318791,0.005676083111527462,0.765518000277913,0.024522337673728113,82.92780629847742,8.220381451253292,0.7165707150086139,0.5968607693967257,83.64437701348604,7.74130045647686,0.9914331274785741,0.008566872521425807,30,6
IoT_Original_Distribution,6q_5k,QSVC,linear,0,L0,baseline_unoptimized,0.0005,0.0015,25,54,20,1,25,54,20,0.9506222222222223,0.007068213522596908,0.0026393143052542718,0.9513333333333334,0.932,0.9633333333333334,0.9538894861641862,0.006032958468250209,0.7609894509515641,0.025756732477375806,84.20591636595782,7.151047912909039,0.6935635554216181,0.6105898331265656,84.89947992137944,6.69837996447809,0.9918307679144338,0.008169232085566221,30,6
IoT_Original_Distribution,6q_5k,QSVC,linear,0,L0,baseline_unoptimized,0.001,0.003,25,54,20,1,25,54,20,0.9520888888888889,0.005964732450464097,0.002227267701123473,0.9526666666666667,0.9406666666666667,0.9633333333333334,0.955134752206322,0.005191161293052208,0.7660111584089005,0.023588012524490654,84.16200907670427,7.807091387932063,0.711989774791679,0.6135773093578758,84.87399885149595,7.346013555808071,0.9916112144540584,0.008388785545941432,30,6
IoT_Original_Distribution,6q_5k,QSVC,linear,0,L0,baseline_unoptimized,0.002,0.006,25,54,20,1,25,54,20,0.9530444444444444,0.006381686761815088,0.0023829609997296805,0.954,0.9406666666666667,0.9633333333333334,0.9559423124242803,0.005561484430551362,0.7692276689807239,0.025389379460640595,83.84410669817201,7.2544222179483375,0.7512995052461823,0.6484271708169076,84.5954062034182,6.7015262526799315,0.9911189089459586,0.008881091054041479,30,6
IoT_Original_Distribution,6q_5k,QSVC,linear,0,L0,baseline_unoptimized,0.005,0.015,25,54,20,1,25,54,20,0.9527777777777777,0.005759106287981738,0.002150485630174542,0.9513333333333334,0.9406666666666667,0.964,0.9556954647764312,0.005016618506609785,0.7679564254254649,0.02297547896321045,87.14536437578887,3.584083015574521,0.6072501984308474,0.5320729290921828,87.75261457421972,3.204965476200428,0.9930799760055327,0.006920023994467369,30,6
IoT_Original_Distribution,6q_5k,QSVC,linear,0,L0,baseline_unoptimized,0.008,0.024,25,54,20,1,25,54,20,0.9513111111111112,0.006867064676186045,0.0025642040916026435,0.9513333333333334,0.9386666666666666,0.9646666666666667,0.954467684407273,0.005882561146144847,0.7632110591291427,0.025249652206116403,84.13574982013088,6.545926374283803,0.7078294201948059,0.5824553441209924,84.84357924032568,6.156951609520728,0.9916572423448825,0.008342757655117624,30,6
IoT_Original_Distribution,6q_5k,QSVC,linear,0,L0,baseline_unoptimized,0.01,0.03,25,54,20,1,25,54,20,0.9516666666666665,0.007074318130498107,0.0026415938033070817,0.952,0.934,0.9646666666666667,0.9547421434898639,0.006042162261637304,0.7639264508607498,0.025838235481692718,86.60684955709148,5.1134308665257535,0.6670414016310436,0.6420174919305097,87.27389095872253,4.714183518607501,0.9923569191850683,0.007643080814931589,30,6
IoT_Original_Distribution,6q_5k,QSVC,linear,0,L0,baseline_unoptimized,0.02,0.06,25,54,20,1,25,54,20,0.9497777777777778,0.00931909148768329,0.003479805950511111,0.9516666666666667,0.9226666666666666,0.9646666666666667,0.9532188494309619,0.007838819777490439,0.7589301212896092,0.03165676588467206,85.34438489893219,7.012452342894051,0.6007331031685074,0.5376359507938252,85.9451180021007,6.8580087173026,0.9930102707735671,0.006989729226432897,30,6
IoT_Original_Distribution,6q_5k,QSVC,linear,0,L0,baseline_unoptimized,0.05,0.15000000000000002,25,54,20,1,25,54,20,0.9256,0.009783244727320069,0.0036531236185876376,0.9279999999999999,0.898,0.942,0.9333136449677949,0.007887959548920525,0.6861159733482655,0.02863486459332049,85.89489900593956,4.8564804253651435,0.7612602561168994,0.677107665739105,86.65615926205646,4.355806158954318,0.9912151627466574,0.008784837253342559,30,6
IoT_Original_Distribution,6q_5k,QSVC,linear,3,L3,qiskit_heavy,0.0,0.0,25,54,20,1,25,54,20,0.9518222222222225,0.006031674588347673,0.002252264306216907,0.952,0.9426666666666667,0.9633333333333334,0.9548930176515193,0.005239016699387327,0.7648626397193382,0.02382039215362104,153.87748505039295,4.344976212297712,0.7712346671226745,0.7744007722787009,154.64871971751563,3.73476399172108,0.9950129902883681,0.004987009711631799,30,6
IoT_Original_Distribution,6q_5k,QSVC,linear,3,L3,qiskit_heavy,0.0003,0.0009,25,54,20,1,25,54,20,0.9515333333333335,0.006349103173764875,0.002370794087994133,0.952,0.9406666666666667,0.9633333333333334,0.9545880170270957,0.0054880948666921,0.7626339893524665,0.024352629445774734,85.64033691723986,6.860039029014897,0.6702033830263342,0.5631253531142195,86.3105403002662,6.517225293156083,0.9922349763922835,0.007765023607716509,30,6
IoT_Original_Distribution,6q_5k,QSVC,linear,3,L3,qiskit_heavy,0.0005,0.0015,25,54,20,1,25,54,20,0.9510000000000002,0.006746078753176647,0.002519027205489591,0.952,0.932,0.9633333333333334,0.9541679875492625,0.0057292197040235745,0.7614455184924739,0.023938992296816806,85.27091146536016,4.887157230113187,0.7797591242706403,0.5964855355080523,86.0506705896308,4.427524248881938,0.9909383724853319,0.00906162751466811,30,6
IoT_Original_Distribution,6q_5k,QSVC,linear,3,L3,qiskit_heavy,0.001,0.003,25,54,20,1,25,54,20,0.9524000000000002,0.005808172337352197,0.0021688071941159473,0.9523333333333333,0.9433333333333334,0.9646666666666667,0.9553769947084593,0.0050540970707649326,0.7666762892675149,0.022941975428951784,85.56484912220621,5.874644644031679,0.705868711330307,0.6150041376445026,86.27071783353652,5.399245078129364,0.9918179803175822,0.008182019682417788,30,6
IoT_Original_Distribution,6q_5k,QSVC,linear,3,L3,qiskit_heavy,0.002,0.006,25,54,20,1,25,54,20,0.9512666666666668,0.006511645918433361,0.0024314885463388508,0.952,0.9313333333333333,0.9633333333333334,0.9544269950504858,0.005538091741086008,0.7630605808093521,0.02347663218593934,85.9245310489554,4.209086789420234,0.6512920341803692,0.5660889104818324,86.57582308313576,3.72568310573021,0.9924772065573672,0.007522793442633009,30,6
IoT_Original_Distribution,6q_5k,QSVC,linear,3,L3,qiskit_heavy,0.005,0.015,25,54,20,1,25,54,20,0.952622222222222,0.005681005073596791,0.002121322157434943,0.9533333333333334,0.9413333333333334,0.9633333333333334,0.9555240871370643,0.004963189009199984,0.7666394458075928,0.02300307388206378,83.90808917039152,8.939330623747233,0.7273429115419277,0.6310186945288311,84.63543208193344,8.572304870669651,0.9914061653181164,0.008593834681883648,30,6
IoT_Original_Distribution,6q_5k,QSVC,linear,3,L3,qiskit_heavy,0.008,0.024,25,54,20,1,25,54,20,0.9524222222222222,0.006448103070331579,0.0024077612569105575,0.9523333333333333,0.94,0.9646666666666667,0.9554111810935761,0.005615081695678643,0.767063889336788,0.025652774180838993,85.4454595647597,6.852684537304308,0.6887138197780587,0.5598116340466301,86.13417338453776,6.545610126159676,0.9920041745022227,0.007995825497777309,30,6
IoT_Original_Distribution,6q_5k,QSVC,linear,3,L3,qiskit_heavy,0.01,0.03,25,54,20,1,25,54,20,0.9511999999999998,0.0078049007101811015,0.002914397821969275,0.9516666666666667,0.934,0.9626666666666667,0.9543595537471706,0.006625304657782634,0.7625394502823073,0.027536041365335235,84.51659511375473,7.806793579528951,0.6219597994582727,0.5383266276657839,85.13855491321301,7.4605571373643755,0.9926947338947404,0.007305266105259536,30,6
IoT_Original_Distribution,6q_5k,QSVC,linear,3,L3,qiskit_heavy,0.02,0.06,25,54,20,1,25,54,20,0.9509111111111113,0.007736034671544329,0.0028886828205280843,0.9530000000000001,0.9333333333333333,0.9646666666666667,0.9541293506445496,0.006636746689483183,0.7618396173885181,0.028850365738961648,84.77211838293975,7.355148141278519,0.7640693151741289,0.6467890609657198,85.53618769811389,6.918712322585072,0.9910672975294293,0.008932702470570557,30,6
IoT_Original_Distribution,6q_5k,QSVC,linear,3,L3,qiskit_heavy,0.05,0.15000000000000002,25,54,20,1,25,54,20,0.9277111111111113,0.00842671055810869,0.003146585435082058,0.9293333333333333,0.906,0.942,0.934973577102459,0.00682833136862298,0.6910958074550951,0.025426217987074205,86.14231251958991,5.33843982760577,0.7353980275297848,0.5654341850566831,86.87771054711969,5.045469865075761,0.9915352508382351,0.008464749161764897,30,6
IoT_Original_Distribution,6q_5k,QVE,linear,0,L0,baseline_unoptimized,0.0,0.0,25,54,20,2,27,66,20,0.9478222222222221,0.005324513780498908,0.0019882061208913626,0.9476666666666667,0.936,0.96,0.9516365295199489,0.004613678706781841,0.7539584660217675,0.021181666396487882,257.4141171030002,7.441060938656719,4.722693974062955,0.5341335415998766,262.1368110770631,7.117463537550192,0.9819838581439273,0.018016141856072917,30,6
IoT_Original_Distribution,6q_5k,QVE,linear,0,L0,baseline_unoptimized,0.0003,0.0009,25,54,20,2,27,66,20,0.9469777777777778,0.00678003228630369,0.0025317056631238483,0.9476666666666667,0.93,0.958,0.9509204145938319,0.005723707224168104,0.7509949859565483,0.023847199438710987,124.06542165311596,4.757976079202943,1.6320818616853405,0.6808916999706891,125.69750351480131,4.386168057669131,0.9870157973225525,0.012984202677447427,30,6
IoT_Original_Distribution,6q_5k,QVE,linear,0,L0,baseline_unoptimized,0.0005,0.0015,25,54,20,2,27,66,20,0.9479111111111111,0.00576615394261292,0.002153117267663577,0.949,0.9306666666666666,0.958,0.9516896345228045,0.0049714705693873875,0.7537762745019913,0.022509497962581664,121.63648033029943,9.678328747483171,1.5128552893176674,0.6111604650774838,123.1493356196171,9.328628689651175,0.9877152785136367,0.012284721486363235,30,6
IoT_Original_Distribution,6q_5k,QVE,linear,0,L0,baseline_unoptimized,0.001,0.003,25,54,20,2,27,66,20,0.9477111111111111,0.0059851241730259006,0.002234882095467119,0.948,0.9306666666666666,0.9593333333333334,0.95156013682727,0.005095452417652342,0.7539453764792377,0.022167850163781408,122.4424370442517,8.406869222166662,1.7088789086090401,0.8096390798643145,124.15131595286076,7.929169487955444,0.9862355151413948,0.013764484858605023,30,6
IoT_Original_Distribution,6q_5k,QVE,linear,0,L0,baseline_unoptimized,0.002,0.006,25,54,20,2,27,66,20,0.9474666666666667,0.005668762289987392,0.0021167506269041915,0.9483333333333333,0.9353333333333333,0.9586666666666667,0.9513439932640405,0.004872743266843765,0.7528946093309035,0.02171163285598197,122.98419972578607,6.260255045865408,1.5996965870261193,0.6064162081315021,124.58389631281219,5.92437880773136,0.987159684081404,0.012840315918596027,30,6
IoT_Original_Distribution,6q_5k,QVE,linear,0,L0,baseline_unoptimized,0.005,0.015,25,54,20,2,27,66,20,0.9469333333333334,0.005655770457117355,0.002111899396782784,0.9473333333333334,0.9313333333333333,0.9586666666666667,0.9508887466378082,0.004830080160785979,0.7510147954087812,0.021215265223963557,123.93849106883863,5.797370183168402,1.5796280301447647,0.6052735480845084,125.51811909898339,5.4956915625991725,0.987415139411872,0.012584860588128098,30,6
IoT_Original_Distribution,6q_5k,QVE,linear,0,L0,baseline_unoptimized,0.008,0.024,25,54,20,2,27,66,20,0.9474888888888889,0.005432083865454233,0.0020283734507452714,0.9470000000000001,0.9353333333333333,0.9586666666666667,0.9513597265776136,0.004704446067253128,0.7529877205503596,0.021897813539388983,122.29676452887944,8.418128403235938,1.6384141257653633,0.6887263367256685,123.93517865464479,8.037300795320622,0.9867800721026035,0.013219927897396544,30,6
IoT_Original_Distribution,6q_5k,QVE,linear,0,L0,baseline_unoptimized,0.01,0.03,25,54,20,2,27,66,20,0.9467111111111112,0.00666651340820007,0.002489317017402062,0.9470000000000001,0.9293333333333333,0.9586666666666667,0.9506972976920838,0.005619861932644438,0.7501452016780643,0.023326501865930663,122.96410833921206,4.337129231932825,1.61505372801718,0.7827338312760457,124.57916206722923,3.8395050089310705,0.9870359239762296,0.012964076023770452,30,6
IoT_Original_Distribution,6q_5k,QVE,linear,0,L0,baseline_unoptimized,0.02,0.06,25,54,20,2,27,66,20,0.9451111111111111,0.005976539916557214,0.002231676681422206,0.946,0.93,0.9586666666666667,0.9493748228681215,0.005013937247526862,0.7454250422975848,0.020777191297474643,124.06326192657774,4.668032949840497,1.6425366455727877,0.5460907305351907,125.70579857215053,4.3289306701110695,0.9869334854538947,0.0130665145461053,30,6
IoT_Original_Distribution,6q_5k,QVE,linear,0,L0,baseline_unoptimized,0.05,0.15000000000000002,25,54,20,2,27,66,20,0.9299555555555554,0.009633805951630185,0.0035973222626754175,0.932,0.8946666666666667,0.944,0.9369362181613238,0.007527924539271359,0.7006076343366704,0.022432476425564608,123.18602426263581,5.2317228258920165,1.7661431403985868,0.7168330027587986,124.9521674030344,4.734724942374851,0.9858654461374657,0.014134553862534257,30,6
IoT_Original_Distribution,6q_5k,QVE,linear,3,L3,qiskit_heavy,0.0,0.0,25,54,20,2,27,66,20,0.9458666666666666,0.005930375085861244,0.0022144384503379323,0.9466666666666667,0.9293333333333333,0.958,0.9499670233148921,0.005056922144780316,0.7469741426202925,0.022066451192630267,252.224745211304,10.497968469802391,4.773220780286162,0.8121131240657937,256.99796599159015,10.140400374169346,0.9814270095023151,0.018572990497684943,30,6
IoT_Original_Distribution,6q_5k,QVE,linear,3,L3,qiskit_heavy,0.0003,0.0009,25,54,20,2,27,66,20,0.9470222222222222,0.006018447587753753,0.0022473252630242344,0.9470000000000001,0.9306666666666666,0.9593333333333334,0.9509451472947831,0.005160610633285452,0.7509121455476965,0.022864960336835924,122.5805259062637,6.985532964748958,1.5133387241900589,0.6219638368546154,124.09386463045375,6.5507753174252805,0.987804886819371,0.012195113180629174,30,6
IoT_Original_Distribution,6q_5k,QVE,linear,3,L3,qiskit_heavy,0.0005,0.0015,25,54,20,2,27,66,20,0.9448888888888889,0.007969930718502301,0.0029760210398256516,0.9463333333333332,0.9266666666666666,0.958,0.94918238651359,0.0065886988482986054,0.7444730878078583,0.025122568633865413,123.83866970792103,5.252148079290609,1.7860604793919872,0.6236077323400693,125.624730187313,4.898355384523239,0.9857825726134586,0.014217427386541472,30,6
IoT_Original_Distribution,6q_5k,QVE,linear,3,L3,qiskit_heavy,0.001,0.003,25,54,20,2,27,66,20,0.9484666666666668,0.004345782294914139,0.0016227417779356385,0.9483333333333333,0.936,0.958,0.9521599654061687,0.003758595561003451,0.7557477111752243,0.017512306891303283,123.0705372890768,7.886482662146527,1.606056438262264,0.6627370148357381,124.67659372733905,7.432634910234124,0.9871182201065373,0.01288177989346278,30,6
IoT_Original_Distribution,6q_5k,QVE,linear,3,L3,qiskit_heavy,0.002,0.006,25,54,20,2,27,66,20,0.9467999999999999,0.006414542863934781,0.002395229669891125,0.9473333333333334,0.9313333333333333,0.9586666666666667,0.9507693011155038,0.00544036411485297,0.750390904178303,0.023059350303106022,124.04666933728537,4.385653080194852,1.5246238488238304,0.36534036858235713,125.5712931861092,4.255895838540152,0.9878585000588933,0.012141499941106648,30,6
IoT_Original_Distribution,6q_5k,QVE,linear,3,L3,qiskit_heavy,0.005,0.015,25,54,20,2,27,66,20,0.9476444444444444,0.006255684515796411,0.0023359109878210026,0.948,0.9313333333333333,0.9593333333333334,0.9514952270955,0.005350361996515036,0.753514490661312,0.023515055360488524,121.57616972596152,5.3974718852689785,1.6815998362726532,0.6320640155180167,123.25776956223417,4.980095543899028,0.9863570479796522,0.013642952020347855,30,6
IoT_Original_Distribution,6q_5k,QVE,linear,3,L3,qiskit_heavy,0.008,0.024,25,54,20,2,27,66,20,0.9470666666666666,0.004728976463337981,0.0017658288319950177,0.9466666666666667,0.9353333333333333,0.9566666666666667,0.9509458127921605,0.004040657139861372,0.7503827874685032,0.018118951852740255,123.46662030861869,4.08560323587497,1.5513941928589097,0.6321684266082228,125.0180145014776,3.7013210868121997,0.987590634845344,0.01240936515465596,30,6
IoT_Original_Distribution,6q_5k,QVE,linear,3,L3,qiskit_heavy,0.01,0.03,25,54,20,2,27,66,20,0.9464,0.007032709565410591,0.002626056909761704,0.9466666666666667,0.9226666666666666,0.9586666666666667,0.9504263231424037,0.005988990448307274,0.7489126954983516,0.026015886704473516,120.74382971797216,8.702965047037827,1.5374878471018747,0.6511573726596324,122.28131756507403,8.352049649766032,0.9874266332934819,0.012573366706518149,30,6
IoT_Original_Distribution,6q_5k,QVE,linear,3,L3,qiskit_heavy,0.02,0.06,25,54,20,2,27,66,20,0.9449555555555554,0.006577992644310873,0.002456262820935321,0.946,0.9306666666666666,0.9586666666666667,0.9492185484886085,0.0056602404383355965,0.7443059019848512,0.025435206599971706,124.41966687249563,4.518358710589918,1.563373479130678,0.6324153283216356,125.98304035162631,4.110033413726795,0.9875906036656424,0.012409396334357448,30,6
IoT_Original_Distribution,6q_5k,QVE,linear,3,L3,qiskit_heavy,0.05,0.15000000000000002,25,54,20,2,27,66,20,0.9317555555555556,0.007387435399920253,0.0027585137132342505,0.9323333333333333,0.9106666666666666,0.944,0.9383473807034927,0.0060684797233938464,0.7046131393811236,0.024040831179609652,122.40143305588668,4.616083366842567,1.6818076820112764,0.5323264905426823,124.08324073789797,4.239342172152323,0.9864461334825726,0.01355386651742738,30,6
IoT_Original_Distribution,6q_5k,QWE,linear,0,L0,baseline_unoptimized,0.0,0.0,25,54,20,2,42,81,30,0.9512444444444446,0.005734170837876787,0.0021411745800825276,0.9513333333333334,0.942,0.9646666666666667,0.9543981972689958,0.004993842638654128,0.762761423937794,0.022813168354797277,477.7464914143124,14.315567947640432,8.097731522008932,1.2026404958319938,485.8442229363214,14.199484416371392,0.9833326586182948,0.01666734138170515,30,6
IoT_Original_Distribution,6q_5k,QWE,linear,0,L0,baseline_unoptimized,0.0003,0.0009,25,54,20,2,42,81,30,0.9522222222222221,0.005700933131479808,0.0021287634165421316,0.9526666666666667,0.9413333333333334,0.9653333333333334,0.9552446481316695,0.004968936475906467,0.7664670254035701,0.022893286229953774,236.70939383109024,14.244991287814521,4.099488714065713,1.0832276704280994,240.80888254515594,14.012646163940678,0.9829761731762657,0.017023826823734323,30,6
IoT_Original_Distribution,6q_5k,QWE,linear,0,L0,baseline_unoptimized,0.0005,0.0015,25,54,20,2,42,81,30,0.9525777777777779,0.0055632437224337064,0.0020773493462377213,0.9523333333333333,0.942,0.9653333333333334,0.9555481365810815,0.00480942811210927,0.767746998049239,0.02160186483463091,237.17484865525816,13.489349636131053,4.1059476933054,1.0350094278891397,241.28079634856354,12.921254172923085,0.9829827000099346,0.017017299990065474,30,6
IoT_Original_Distribution,6q_5k,QWE,linear,0,L0,baseline_unoptimized,0.001,0.003,25,54,20,2,42,81,30,0.9518222222222223,0.005307215743942007,0.00198174692788715,0.9523333333333333,0.942,0.9653333333333334,0.9549006838059946,0.004574842300388009,0.7650432519782495,0.020415355473540384,238.40422304344054,13.295835878629449,3.8514724767456454,0.711043697563889,242.25569552018618,13.019706882566025,0.9841016225914708,0.015898377408529153,30,6
IoT_Original_Distribution,6q_5k,QWE,linear,0,L0,baseline_unoptimized,0.002,0.006,25,54,20,2,42,81,30,0.9520666666666665,0.005212275519574351,0.0019462956654830764,0.952,0.942,0.9626666666666667,0.9551230890016456,0.0044869486744159555,0.7662025708621409,0.020045189372287074,237.37870537385655,10.021745297347133,4.145502479599478,0.7329785702942009,241.52420785345603,9.556883806872744,0.9828360787664202,0.01716392123357981,30,6
IoT_Original_Distribution,6q_5k,QWE,linear,0,L0,baseline_unoptimized,0.005,0.015,25,54,20,2,42,81,30,0.9522888888888889,0.005956890683534589,0.0022243395372289676,0.9526666666666667,0.942,0.9653333333333334,0.9553010651389519,0.0051549494180668735,0.7667062085136248,0.023144945350678833,236.14559257966465,11.410158933610601,3.9062119070401726,0.8447714848603525,240.05180448670484,10.858717029467151,0.9837276294781757,0.016272370521824245,30,6
IoT_Original_Distribution,6q_5k,QWE,linear,0,L0,baseline_unoptimized,0.008,0.024,25,54,20,2,42,81,30,0.9514888888888888,0.00605386633263698,0.002260550839719901,0.9516666666666667,0.9353333333333333,0.9613333333333334,0.9546371025110998,0.005139982259345101,0.7643233328964129,0.021915290560228486,232.80999102090718,20.65070538619294,3.810683083429467,0.939982009322516,236.62067410433664,20.17573080199132,0.9838953924974909,0.016104607502509128,30,6
IoT_Original_Distribution,6q_5k,QWE,linear,0,L0,baseline_unoptimized,0.01,0.03,25,54,20,2,42,81,30,0.9510444444444445,0.006865279032502988,0.002563537321293327,0.9510000000000001,0.932,0.9653333333333334,0.9542707796323683,0.005861616795692234,0.7628914002512733,0.024957891243566375,236.91044955879138,17.157838621726867,3.896445752020615,0.9297828060800284,240.806895310812,16.915579279750684,0.9838192102140952,0.016180789785904724,30,6
IoT_Original_Distribution,6q_5k,QWE,linear,0,L0,baseline_unoptimized,0.02,0.06,25,54,20,2,42,81,30,0.9498,0.0062149245656179875,0.0023206909722904246,0.9506666666666667,0.9366666666666666,0.966,0.9531932751234039,0.005260020802015484,0.7582969100363653,0.02200648546344033,239.89178516255149,11.734690189799478,4.060478706199986,0.9876348220869561,243.95226386875146,11.462378508412806,0.9833554374868005,0.016644562513199554,30,6
IoT_Original_Distribution,6q_5k,QWE,linear,0,L0,baseline_unoptimized,0.05,0.15000000000000002,25,54,20,2,42,81,30,0.9377555555555556,0.006724993887295604,0.002511153987176888,0.9383333333333332,0.924,0.9526666666666667,0.943197453441298,0.005614243735598446,0.7209428171549518,0.02320044078726862,237.30895866845967,14.626528184568794,3.8671374802788097,0.9640849477722052,241.17609614873848,14.19129832985007,0.983965502626372,0.016034497373628036,30,6
IoT_Original_Distribution,6q_5k,QWE,linear,3,L3,qiskit_heavy,0.0,0.0,25,54,20,2,42,81,30,0.9520666666666666,0.005467703854509043,0.0020416741732495938,0.9523333333333333,0.942,0.9646666666666667,0.9550900026272552,0.004732162532238134,0.7654983657587976,0.02132153187208565,474.76802398108026,15.790084676468835,8.17036520370748,1.0045050568138296,482.9383891847877,15.574923869648222,0.9830819719726585,0.016918028027341676,30,6
IoT_Original_Distribution,6q_5k,QWE,linear,3,L3,qiskit_heavy,0.0003,0.0009,25,54,20,2,42,81,30,0.9505555555555554,0.005580709339369286,0.002083871114783733,0.9506666666666667,0.934,0.96,0.9538090298569525,0.004743634679280974,0.7603717742148165,0.020342949032866306,237.35856246056113,12.829416259089617,3.9655801576329397,1.068864953139763,241.32414261819406,12.106735838360242,0.9835674122174051,0.01643258778259496,30,6
IoT_Original_Distribution,6q_5k,QWE,linear,3,L3,qiskit_heavy,0.0005,0.0015,25,54,20,2,42,81,30,0.9522666666666666,0.005283096734975728,0.0019727407419266175,0.9523333333333333,0.942,0.9626666666666667,0.95527687560337,0.004583625117140886,0.7665123683088921,0.020814847796328185,238.30602040966428,11.014775299173193,4.0743333288119175,0.9335502457126459,242.3803537384762,10.448781153263921,0.9831903317823851,0.016809668217614888,30,6
IoT_Original_Distribution,6q_5k,QWE,linear,3,L3,qiskit_heavy,0.001,0.003,25,54,20,2,42,81,30,0.9512,0.0056035019154520825,0.002092382002565575,0.9506666666666667,0.942,0.9653333333333334,0.9543615600293501,0.004832189965988395,0.7626597383969719,0.021436326220472,238.27674312130935,12.413844587872195,4.017345283723746,0.8311847145688522,242.2940884050331,12.119819696134995,0.9834195489036938,0.016580451096306216,30,6
IoT_Original_Distribution,6q_5k,QWE,linear,3,L3,qiskit_heavy,0.002,0.006,25,54,20,2,42,81,30,0.9515777777777777,0.005236135375006036,0.0019552050819234283,0.9526666666666667,0.942,0.96,0.9546904412859097,0.004493882207762114,0.764149227697598,0.019813006344021066,237.29302537399732,16.242841045391984,3.918621697276831,1.013943060567167,241.21164707127414,15.547701052432698,0.9837544258544078,0.01624557414559232,30,6
IoT_Original_Distribution,6q_5k,QWE,linear,3,L3,qiskit_heavy,0.005,0.015,25,54,20,2,42,81,30,0.952088888888889,0.005538394952170934,0.0020680706629307103,0.952,0.942,0.9626666666666667,0.9551427305155803,0.004821298729531551,0.7662534967617491,0.02219103700458685,239.54170004793752,11.259739782777237,3.710310580573666,0.7703144325692497,243.2520106285112,11.092613481321361,0.9847470507191821,0.015252949280817933,30,6
IoT_Original_Distribution,6q_5k,QWE,linear,3,L3,qiskit_heavy,0.008,0.024,25,54,20,2,42,81,30,0.9502,0.006207522318391881,0.0023179269277503957,0.9513333333333334,0.932,0.9653333333333334,0.9535032579898763,0.005285285511122658,0.7590434548474762,0.022598227064021644,239.9256451432399,8.529584432530822,4.147253712666376,0.8012817562180876,244.0728988559063,8.157211148475124,0.9830081351427927,0.01699186485720726,30,6
IoT_Original_Distribution,6q_5k,QWE,linear,3,L3,qiskit_heavy,0.01,0.03,25,54,20,2,42,81,30,0.9513555555555555,0.005754846921567682,0.002148895156616832,0.9516666666666667,0.9413333333333334,0.9653333333333334,0.9545061348426397,0.004972678605402203,0.7634538736639631,0.022254302490813033,232.0352003650274,19.502188589928398,3.8212863607487333,1.0915292043215625,235.85648672577614,18.837298051034466,0.9837982562455803,0.01620174375441977,30,6
IoT_Original_Distribution,6q_5k,QWE,linear,3,L3,qiskit_heavy,0.02,0.06,25,54,20,2,42,81,30,0.9502444444444443,0.006205876175529343,0.002317312247903544,0.9516666666666667,0.94,0.966,0.953566976261939,0.0053616880577018146,0.7597362107207679,0.024138049718816515,235.6438233018581,14.209691609882464,3.6175340798605853,0.7646377466504618,239.2613573817187,13.92389073920961,0.984880408104978,0.015119591895021954,30,6
IoT_Original_Distribution,6q_5k,QWE,linear,3,L3,qiskit_heavy,0.05,0.15000000000000002,25,54,20,2,42,81,30,0.9389333333333333,0.006713855976185762,0.002506995022817807,0.9406666666666667,0.924,0.952,0.9441843632920047,0.005651037896052138,0.7248386969727203,0.024040631167035618,239.5119473571501,10.017980650611443,3.8234864777885376,0.9132984267968481,243.33543383493864,9.421821785401878,0.9842871775083026,0.015712822491697274,30,6
