dataset,config,model,entanglement,noise_level,num_qubits,paired_runs,accuracy_mean_l0,accuracy_mean_l3,accuracy_delta_l3_minus_l0,accuracy_t_stat,accuracy_p_value,accuracy_cohens_d_paired,f1_score_mean_l0,f1_score_mean_l3,f1_score_delta_l3_minus_l0,f1_score_t_stat,f1_score_p_value,f1_score_cohens_d_paired,mcc_mean_l0,mcc_mean_l3,mcc_delta_l3_minus_l0,mcc_t_stat,mcc_p_value,mcc_cohens_d_paired,kernel_time_mean_l0,kernel_time_mean_l3,kernel_time_delta_l3_minus_l0,kernel_time_t_stat,kernel_time_p_value,kernel_time_cohens_d_paired,classifier_time_mean_l0,classifier_time_mean_l3,classifier_time_delta_l3_minus_l0,classifier_time_t_stat,classifier_time_p_value,classifier_time_cohens_d_paired,total_time_mean_l0,total_time_mean_l3,total_time_delta_l3_minus_l0,total_time_t_stat,total_time_p_value,total_time_cohens_d_paired,accuracy_p_value_holm,accuracy_significant_holm,f1_score_p_value_holm,f1_score_significant_holm,mcc_p_value_holm,mcc_significant_holm,kernel_time_p_value_holm,kernel_time_significant_holm,classifier_time_p_value_holm,classifier_time_significant_holm,total_time_p_value_holm,total_time_significant_holm
UNSW_NB15,6q_5k,QSVC,full,0.0,6,30,0.8622444444444444,0.8625111111111111,0.0002666666666666706,0.44240878642745723,0.6614755672311114,0.08077242398826791,0.8628291504257427,0.8631294645839613,0.0003003141582186323,0.5224609528779595,0.6053180828498665,0.09538788310230067,0.7095894232691012,0.7104639691764348,0.0008745459073336274,0.8125099782881877,0.4231192088923068,0.14834334776882438,277.4638144842659,274.687198319907,-2.7766161643589538,-2.0849050447019186,0.045990850302492274,-0.38064984107985256,0.5680366704550882,0.5046236351287613,-0.06341303532632689,-0.4593013112414811,0.6494422607602104,-0.08385656295288678,278.03185115472104,275.1918219550358,-2.8400291996852807,-2.3120860872176396,0.028072228625270684,-0.42212723495431936,1.0,False,1.0,False,1.0,False,1.0,False,1.0,False,1.0,False
UNSW_NB15,6q_5k,QSVC,full,0.0003,6,30,0.8612666666666666,0.8607111111111112,-0.0005555555555555683,-0.7621262391640883,0.4521390278934233,-0.13914457761891613,0.8619032537239337,0.8612791353844985,-0.0006241183394350943,-0.8246002077453288,0.41632982544833086,-0.15055071156852096,0.7080681457891767,0.7070481545539012,-0.001019991235275471,-0.7223499554681225,0.47586449728003344,-0.13188245500758097,225.5860475285134,220.02391059372263,-5.56213693479076,-3.198991642060234,0.0033270006621714063,-0.584053294542294,0.5577110827434808,0.6642580292963733,0.10654694655289253,0.7976257357144626,0.43157067092418766,0.14562586929915503,226.14375861125689,220.688168623019,-5.455589988237867,-3.2877717939072344,0.002649171071825684,-0.6002622584840728,1.0,False,1.0,False,1.0,False,0.1596960317842275,False,1.0,False,0.12716021144763284,False
UNSW_NB15,6q_5k,QSVC,full,0.0005,6,30,0.8609555555555556,0.8612444444444443,0.0002888888888888941,0.3760294046389418,0.7096319540252404,0.06865326240199539,0.8616093028785533,0.8618777022632091,0.00026839938465573755,0.3672667724867444,0.716086664882858,0.06705343197103587,0.7076544362447161,0.7081251056632728,0.00047066941855684977,0.3507109627797606,0.7283400945310701,0.0640307684929432,222.75914913575787,223.2004626937521,0.4413135579942415,0.239522599954609,0.8123852352796368,0.043730643675808416,0.5877704779462268,0.6184313530257592,0.030660875079532465,0.18410156345552164,0.855215093807035,0.033612193058852644,223.34691961370407,223.81889404677787,0.47197443307377396,0.27257377414241185,0.7871123839496078,0.04976493489403911,1.0,False,1.0,False,1.0,False,1.0,False,1.0,False,1.0,False
UNSW_NB15,6q_5k,QSVC,full,0.001,6,30,0.8601111111111112,0.8607111111111111,0.0006000000000000005,0.6825362661507172,0.5003160977600826,0.12461350309536587,0.8607103160966925,0.8613630087231471,0.0006526926264547132,0.7557992509946411,0.4558652320846377,0.13798943290509125,0.7060809520241025,0.7072400838026323,0.0011591317785296985,0.7322280122420863,0.4699062612917967,0.1336859331807199,225.11501506771893,221.05520319816034,-4.059811869558568,-1.7950580581745206,0.0830741569678979,-0.3277312634978686,0.5633335872398069,0.5825682986993342,0.019234711459527414,0.14389061841110642,0.8865821039748688,0.026270712505710385,225.67834865495874,221.6377714968597,-4.04057715809904,-1.8478610407234062,0.07484561990472416,-0.33737172504639396,1.0,False,1.0,False,1.0,False,1.0,False,1.0,False,1.0,False
UNSW_NB15,6q_5k,QSVC,full,0.002,6,30,0.8598444444444444,0.8591555555555555,-0.0006888888888889019,-1.022250489285549,0.3151147595718764,-0.18663655080079614,0.8602864090846892,0.8596998467612521,-0.0005865623234372378,-0.9046405444161911,0.3731102222702749,-0.16516401087016735,0.7058252591245646,0.7043352494897026,-0.0014900096348620699,-1.1626069063732218,0.25446735609832427,-0.2122620093773034,224.9709819999989,221.63644226815862,-3.3345397318402927,-2.3249128497075295,0.027280510908867378,-0.4244690706728106,0.6624936171186467,0.7185846171341836,0.05609100001553694,0.4586036741160052,0.6499373470798768,0.08372919242269472,225.63347561711757,222.3550268852928,-3.2784487318247555,-2.3963108693426394,0.023232644862623303,-0.4375045059779261,1.0,False,1.0,False,1.0,False,1.0,False,1.0,False,1.0,False
UNSW_NB15,6q_5k,QSVC,full,0.005,6,30,0.8444888888888887,0.8470888888888889,0.002599999999999991,1.7868071546609297,0.08442725061598076,0.3262248615064711,0.8462549749332154,0.8486430450462037,0.0023880701129880056,1.7892525305120799,0.08402428191443825,0.3266713240115556,0.6822193482317206,0.6854133590803079,0.0031940108485872106,1.4641365074513435,0.15391342696247198,0.2673135307993106,225.63749397348923,222.11858233834306,-3.518911635146166,-2.0990016195496333,0.04463652176894124,-0.383223511755737,0.6674013163894414,0.6267389491045227,-0.04066236728491882,-0.24535570379209423,0.8079090707489758,-0.044795617859828614,226.30489528987866,222.74532128744758,-3.5595740024310847,-2.284544932324998,0.029842972100922592,-0.4170989310228382,1.0,False,1.0,False,1.0,False,1.0,False,1.0,False,1.0,False
UNSW_NB15,6q_5k,QSVC,full,0.008,6,30,0.7935111111111114,0.7984444444444445,0.004933333333333337,1.033587594331025,0.30987190594098946,0.18870641352420037,0.7958840760725938,0.8010528951393364,0.005168819066742403,1.1574026818441654,0.25655225384702074,0.21131185232100813,0.6169415267514556,0.620859976949959,0.003918450198503498,0.681200133058986,0.5011486897013837,0.12436955968397576,224.8409056488114,220.59262029392025,-4.248285354891171,-1.8651275246294932,0.07231136308955138,-0.34052413928778197,0.6657017228659242,0.7189541076775641,0.05325238481163978,0.3165440543162312,0.7538569878363671,0.05779277299771345,225.50660737167735,221.3115744015978,-4.195032970079532,-1.9233878877081256,0.0642987412976359,-0.3511609776433179,1.0,False,1.0,False,1.0,False,1.0,False,1.0,False,1.0,False
UNSW_NB15,6q_5k,QSVC,full,0.01,6,30,0.7557555555555555,0.7556000000000002,-0.00015555555555553843,-0.020444147842418683,0.9838290847143614,-0.0037325736474210958,0.7581250937551125,0.7573881106381314,-0.0007369831169809826,-0.10534072217974921,0.9168307076322101,-0.01923249658724447,0.563609562775381,0.5697685938921353,0.006159031116754351,0.6960356483462314,0.4919476199475501,0.1270781418089881,225.88211327687216,221.82529537319206,-4.056817903680106,-2.5377886366953493,0.016788096373424734,-0.4633346941661086,0.5907385945320129,0.6125844283184657,0.02184583378645281,0.13246966634215226,0.8955276960375215,0.024185541480259892,226.47285187140417,222.43787980151052,-4.034972069893653,-2.7488194760603206,0.010184065782542766,-0.5018634778492564,1.0,False,1.0,False,1.0,False,0.7890405295509625,False,1.0,False,0.47865109177951,False
UNSW_NB15,6q_5k,QSVC,full,0.02,6,30,0.6439777777777778,0.6814888888888888,0.03751111111111111,3.400307388504267,0.0019789200604401875,0.6208083530450899,0.5079954667210161,0.5861700083088291,0.0781745415878131,3.7165387573233737,0.0008587055909248628,0.6785440377427434,0.018132716689614168,0.19327631079006435,0.1751435941004502,4.145828520990609,0.0002688885146350573,0.7569212668316122,222.57513487759667,222.86610277939278,0.29096790179610255,0.13917721012827955,0.8902721623469314,0.025410165825965055,0.7053046806404988,0.6109594766826679,-0.09434520395783087,-0.6544749179381457,0.5179632347462556,-0.11949022529202163,223.28043955823716,223.47706225607544,0.19662269783827166,0.09769954669719814,0.9228430156807325,0.017837415194694926,0.11675628356597106,False,0.050663629864566906,False,0.01586442236346838,True,1.0,False,1.0,False,1.0,False
UNSW_NB15,6q_5k,QSVC,full,0.05,6,30,0.6390888888888888,0.6390888888888888,0.0,0.0,1.0,0.0,0.4983679031570244,0.4983679031570244,0.0,0.0,1.0,0.0,0.0,0.0,0.0,0.0,1.0,0.0,225.8502328375665,224.34113221835966,-1.509100619206826,-1.3973665376551279,0.17290362182530297,-0.2551230579255353,0.6191794493546089,0.6091323788743466,-0.01004707048026224,-0.056821609152112366,0.955077003693849,-0.010374159028784647,226.46941228692108,224.950264597234,-1.5191476896870881,-1.5990928930413988,0.12063979574120007,-0.2919530830216567,1.0,False,1.0,False,1.0,False,1.0,False,1.0,False,1.0,False
UNSW_NB15,6q_5k,QSVC,linear,0.0,6,30,0.8456888888888888,0.8478444444444444,0.0021555555555555586,1.0072240284711906,0.32215781082799033,0.18389310695163225,0.8475017225594107,0.8492220410830006,0.0017203185235898219,0.9477767056354186,0.3510746197001038,0.17303956038481752,0.6849798068792973,0.6889364856503966,0.003956678771099416,1.2747004157877497,0.2125345164676262,0.23272739059605496,155.97832564716228,154.93244293974712,-1.0458827074151487,-1.0984888035571583,0.28102782899223694,-0.20055569895837227,0.7423580077321579,0.7589748102550705,0.016616802522912623,0.12043043248730594,0.9049727019120766,0.02198748816113348,156.72068365489443,155.6914177500022,-1.029265904892236,-1.2280399223926624,0.22930622326104122,-0.22420838900378495,1.0,False,1.0,False,1.0,False,1.0,False,1.0,False,1.0,False
UNSW_NB15,6q_5k,QSVC,linear,0.0003,6,30,0.8485777777777778,0.8458222222222224,-0.002755555555555552,-1.7761596319760378,0.08620106371781153,-0.3242808987211167,0.8498078159040443,0.8476124763793637,-0.0021953395246806654,-1.7293635219698662,0.09437680855924888,-0.3157371370364923,0.6903572789175038,0.6857529113305438,-0.004604367586960031,-1.9781477560203644,0.057482187759712644,-0.3611587160168598,87.2307433253775,86.53163773089958,-0.6991055944779266,-0.6490454295444673,0.5214164575146205,-0.1184989408690449,0.7614634760189801,0.7271804678874711,-0.03428300813150902,-0.243119466604887,0.8096243249590224,-0.04438733867604018,87.99220680139648,87.25881819878705,-0.7333886026094357,-0.74630207401444,0.46149247737762966,-0.13625549355019964,1.0,False,1.0,False,1.0,False,1.0,False,1.0,False,1.0,False
UNSW_NB15,6q_5k,QSVC,linear,0.0005,6,30,0.8450888888888889,0.8461111111111113,0.0010222222222222206,0.8953673504811804,0.3779627139324713,0.16347096503739222,0.8468185571277328,0.8476649865458323,0.0008464294180994258,0.868811964075147,0.39208374840008686,0.15862263698477536,0.6852343614351774,0.6867658547284022,0.0015314932932249282,0.8788930633971822,0.3866838133280527,0.16046318548581825,86.98783057956025,85.35070828339084,-1.6371222961694003,-0.963549890142951,0.34323810589427095,-0.17591933670430632,0.7019803331233561,0.6794486199660847,-0.022531713157271347,-0.14377734577682508,0.8866707534652005,-0.026250031846729076,87.68981091268361,86.03015690335694,-1.6596540093266716,-1.0442431379974242,0.3049997955943553,-0.19065184073372307,1.0,False,1.0,False,1.0,False,1.0,False,1.0,False,1.0,False
UNSW_NB15,6q_5k,QSVC,linear,0.001,6,30,0.8479111111111112,0.8467555555555556,-0.0011555555555555579,-0.5879321473565343,0.5611287300435281,-0.10734123312987506,0.8494007632960865,0.8482656805064495,-0.0011350827896370764,-0.6788814181244791,0.5025953950225643,-0.12394622219262458,0.6888926287697726,0.6878423451782311,-0.0010502835915415305,-0.3506998073401081,0.7283483761105314,-0.06402873179763101,88.0000394936651,86.55422312708882,-1.445816366576279,-1.1525560897710339,0.2585050778869888,-0.2104269897191815,0.6719613304361701,0.6950822609942406,0.02312093055807054,0.15888222235381594,0.8748629902817957,0.029007792389912176,88.67200082410127,87.24930538808306,-1.4226954360182087,-1.249834367875765,0.2213527584350223,-0.2281874921435889,1.0,False,1.0,False,1.0,False,1.0,False,1.0,False,1.0,False
UNSW_NB15,6q_5k,QSVC,linear,0.002,6,30,0.8446666666666667,0.8447777777777777,0.00011111111111110258,0.058655801292535226,0.9536285893605332,0.010709035165487407,0.8464788252921036,0.8465862207529481,0.0001073954608444246,0.07026670136052095,0.9444637066522623,0.012828885792212091,0.683983689588415,0.6843743641170489,0.0003906745286337202,0.149467154624558,0.8822196618347649,0.027288844064661012,86.86037855738154,85.11294899474208,-1.7474295626394452,-1.1833897439269778,0.24626511609692728,-0.21605641902302267,0.7337419734336436,0.6414358934077123,-0.0923060800259312,-0.5965217736963921,0.555455164757193,-0.10890947716550196,87.59412053081518,85.7543848881498,-1.8397356426653764,-1.3447194673172176,0.18913960998772944,-0.24551106192199038,1.0,False,1.0,False,1.0,False,1.0,False,1.0,False,1.0,False
UNSW_NB15,6q_5k,QSVC,linear,0.005,6,30,0.8460444444444446,0.8457111111111112,-0.00033333333333333365,-0.2844823941092662,0.7780623032787987,-0.051939141488906625,0.8477077259846382,0.8474226767472668,-0.0002850492373713524,-0.2651638031430957,0.792759070624867,-0.04841206547177759,0.6867930425657829,0.6860553233287885,-0.0007377192369942424,-0.41148220800002927,0.6837443070224902,-0.07512602911121626,87.3878088530153,86.26534360034081,-1.1224652526744952,-0.6549045151298133,0.5176905378896111,-0.11956865864952737,0.6717013954805832,0.701478262230133,0.029776866749549904,0.19012165362346423,0.8505383957730357,0.034711306119918385,88.05951024849588,86.96682186257094,-1.0926883859249452,-0.6678683169854039,0.5094983709291829,-0.12193551421863881,1.0,False,1.0,False,1.0,False,1.0,False,1.0,False,1.0,False
UNSW_NB15,6q_5k,QSVC,linear,0.008,6,30,0.8459333333333333,0.8469555555555558,0.0010222222222222243,0.7182060372247822,0.4783769467065353,0.1311258825081361,0.8477103081097628,0.848376258594868,0.000665950485105149,0.6017300139083671,0.5520294645287022,0.10986036738183667,0.686370585184281,0.6879985355238153,0.0016279503395343526,0.8885586074832378,0.3815515373386862,0.1622278643279827,86.30291410901894,85.7620717444457,-0.5408423645732303,-0.3820916013625768,0.7051791977711638,-0.069760063033185,0.7185604454483837,0.6754661000333726,-0.043094345415011046,-0.32842588462238753,0.7449494349106569,-0.05996208849209023,87.02147455446733,86.43753784447908,-0.5839367099882414,-0.4355849561665274,0.6663629499442583,-0.07952656873410203,1.0,False,1.0,False,1.0,False,1.0,False,1.0,False,1.0,False
UNSW_NB15,6q_5k,QSVC,linear,0.01,6,30,0.8469555555555556,0.8475111111111112,0.0005555555555555499,1.0655026794486628,0.2954396507734539,0.1945332842054096,0.8485555694330298,0.8489544612510631,0.0003988918180333423,0.8006232887523701,0.42986038627696777,0.1461731451045484,0.6875465724949023,0.6887360533802371,0.0011894808853347778,1.1753102839858063,0.24943033313010204,0.2145813182022763,87.77989447635288,86.19373589629929,-1.5861585800535978,-1.2607595009561428,0.2174449448514287,-0.23018213942087848,0.7422198973285655,0.6669290368289997,-0.0752908604995658,-0.4820073666151912,0.6334186549324056,-0.0880021025262676,88.52211437368145,86.86066493312828,-1.6614494405531635,-1.4514926610391194,0.1573757072083492,-0.26500509083477525,1.0,False,1.0,False,1.0,False,1.0,False,1.0,False,1.0,False
UNSW_NB15,6q_5k,QSVC,linear,0.02,6,30,0.8441555555555557,0.8451111111111111,0.0009555555555555539,1.1475146459738044,0.2605478946626364,0.20950655222246917,0.84585257155722,0.8467454685646114,0.0008928970073913838,1.1506830435919893,0.259262677085201,0.210085019838011,0.6845324708747836,0.6859297478820447,0.0013972770072610626,1.1193219684959423,0.2721884223457517,0.20435929708543815,87.54712597488736,85.96887423225368,-1.5782517426336804,-1.1640485766689983,0.25389199915571736,-0.2125252211577974,0.7086778695074221,0.7376676188316196,0.02898974932419757,0.20620990171799136,0.8380678451215555,0.03764860491728906,88.25580384439478,86.7065418510853,-1.5492619933094829,-1.1901483594334628,0.24364019053259645,-0.21729036774649135,1.0,False,1.0,False,1.0,False,1.0,False,1.0,False,1.0,False
UNSW_NB15,6q_5k,QSVC,linear,0.05,6,30,0.8605777777777778,0.8566666666666669,-0.003911111111111106,-1.6496289640908002,0.10981067518432101,-0.3011796650488036,0.8555743438263052,0.8521503432630314,-0.00342400056327391,-1.629022344260249,0.11412476648006542,-0.29741742821042827,0.7001231739050172,0.6946526794496887,-0.005470494455328582,-1.612997975767758,0.11757577708299324,-0.2944917921793908,86.16864091524234,85.52384876829261,-0.6447921469497184,-0.33561979929318725,0.7395736153499233,-0.061275511606078345,0.6746868480462581,0.6865608705828588,0.01187402253660063,0.06378628759290392,0.949578048248097,0.011645729524715124,86.8433277632886,86.21040963887548,-0.6329181244131178,-0.3593719921798186,0.7219204599922217,-0.06561204888415227,1.0,False,1.0,False,1.0,False,1.0,False,1.0,False,1.0,False
UNSW_NB15,6q_5k,QVE,full,0.0,6,30,0.8873777777777777,0.8879333333333335,0.0005555555555555647,0.9383472206154532,0.35581599391574015,0.17131797983445346,0.8833530069933613,0.8839442326389404,0.0005912256455792038,0.9161171683679347,0.3671611908462552,0.16725934614429203,0.7574237972584643,0.7588455689889343,0.0014217717304697637,1.103718677494047,0.27878975997821165,0.20151053893441973,380.6985001133289,375.87993800053374,-4.818562112795189,-2.404903886207502,0.022784338877739257,-0.4390733690358954,4.592063039261848,4.323747196296851,-0.2683158429649969,-1.5156944608237721,0.14042194481203882,-0.2767266821596034,385.2905631525908,380.2036851968306,-5.086877955760186,-2.557899219126857,0.016019400395100792,-0.46700636738020984,1.0,False,1.0,False,1.0,False,1.0,False,1.0,False,0.7368924181746365,False
UNSW_NB15,6q_5k,QVE,full,0.0003,6,30,0.8874666666666666,0.8884222222222221,0.0009555555555555465,1.3026178994552655,0.20295520076415535,0.2378244024472151,0.883393820060263,0.8844362362282701,0.0010424161680070284,1.26815324368898,0.2148300436315869,0.23153204598060012,0.7578003381165814,0.7598236306249605,0.002023292508379045,1.3303735572844566,0.193762971253194,0.24289186907769605,261.91233457437096,256.7482574285008,-5.164077145870154,-3.849678768312876,0.000600782882178779,-0.7028519668512221,1.615811983589083,1.5710744585841894,-0.044737525004893544,-0.2581743610853293,0.7980958070743992,-0.04713597377863961,263.52814655796004,258.319331887085,-5.208814670875047,-4.103916689800866,0.0003014944651808004,-0.7492692483752887,1.0,False,1.0,False,1.0,False,0.030039144108938952,True,1.0,False,0.015074723259040022,True
UNSW_NB15,6q_5k,QVE,full,0.0005,6,30,0.8877333333333334,0.8876000000000002,-0.00013333333333333345,-0.15247819235825952,0.8798657246066286,-0.027838581827410194,0.8836168054827375,0.8835435281989886,-7.327728374884046e-05,-0.07741094903950597,0.9388282670016469,-0.014133240995606765,0.7585104856759806,0.7580551987567812,-0.00045528691919932327,-0.23885711572555604,0.812896323098918,-0.043609143434503,261.4234709565993,260.21374191444676,-1.2097290421525637,-0.8328938576588008,0.4117117962301231,-0.15206491794907404,1.5444748018868268,1.6750074532659103,0.1305326513790836,0.7805128895275555,0.4414137970050379,0.14250150533925998,262.96794575848617,261.8887493677127,-1.07919639077348,-0.7678645654898107,0.4487752270543629,-0.14019224787589074,1.0,False,1.0,False,1.0,False,1.0,False,1.0,False,1.0,False
UNSW_NB15,6q_5k,QVE,full,0.001,6,30,0.8889999999999999,0.888,-0.0009999999999999935,-1.392508079638078,0.17435449504555373,-0.25423602890865854,0.8850875101117788,0.8839566085108763,-0.001130901600902549,-1.4576629317922958,0.1556784095810897,-0.26613162299391824,0.7609147522858365,0.7589155017896234,-0.0019992504962133635,-1.2720261147702527,0.2134699008236967,-0.2322391322651076,261.9561258844255,259.2201991950627,-2.7359266893627745,-2.187723258438445,0.036897263404337244,-0.3994217927418135,1.5329921875769894,1.4323030868234734,-0.10068910075351596,-0.6234806551903174,0.5378420796027363,-0.1138314730052791,263.4891180720025,260.6525022818862,-2.8366157901162903,-2.3925984200969332,0.02342880754260546,-0.4368267085794374,1.0,False,1.0,False,1.0,False,1.0,False,1.0,False,1.0,False
UNSW_NB15,6q_5k,QVE,full,0.002,6,30,0.8887777777777778,0.887222222222222,-0.0015555555555555544,-1.4657670129307552,0.15347141147717844,-0.26761121900971374,0.8845778539197848,0.8829243859704741,-0.001653467949310968,-1.425264659066112,0.16475560827452723,-0.26021653472847317,0.7612568133713259,0.7578519261018133,-0.0034048872695123873,-1.478597030332008,0.1500286595402509,-0.26995364899099705,261.2556465163051,259.4162856079017,-1.8393609084033717,-1.270864267590491,0.21387725037786265,-0.23202700896219786,1.4456237090441089,1.4179982254902521,-0.027625483553856613,-0.16020056637651928,0.8738337651652045,-0.029248487976507753,262.7012702253492,260.83428383339196,-1.8669863919572285,-1.382944818905987,0.17723828432068872,-0.2524900243665687,1.0,False,1.0,False,1.0,False,1.0,False,1.0,False,1.0,False
UNSW_NB15,6q_5k,QVE,full,0.005,6,30,0.8824444444444446,0.8846888888888886,0.0022444444444444565,2.071063468403031,0.04735598259321782,0.3781227265564093,0.8777903974207326,0.8801371199724188,0.0023467225516862755,2.258895601200304,0.03158229048713965,0.41241602527553345,0.7480526725274714,0.7526912524919342,0.0046385799644628155,1.8937775602355416,0.06826936595859649,0.3457548962127015,259.6906060049776,260.78500752618226,1.0944015212046603,0.7569228805038941,0.4552021589378553,0.13819457864792337,1.4429025614013276,1.3947382362559437,-0.04816432514538368,-0.2876161826281108,0.7756859461965653,-0.05251129037631392,261.1335085663789,262.1797457624382,1.0462371960592767,0.7649897618247941,0.4504585622647965,0.1396673829373147,1.0,False,1.0,False,1.0,False,1.0,False,1.0,False,1.0,False
UNSW_NB15,6q_5k,QVE,full,0.008,6,30,0.8698666666666667,0.8687333333333332,-0.0011333333333333306,-0.47481707236373033,0.6384737644923455,-0.08668934040739264,0.8635593017152173,0.862668564538253,-0.0008907371769644808,-0.40980822009281864,0.6849581954388386,-0.07482040213195953,0.7215267339167302,0.7198347813916595,-0.0016919525250705947,-0.3346722565264025,0.7402809301964641,-0.06110251475688872,261.84085228838956,260.21030111677635,-1.6305511716132364,-1.606325879687379,0.1190378781984934,-0.29327363966970227,1.4915748602555443,1.4940780073714752,0.002503147115930915,0.016295500908157335,0.9871102434101824,0.0029751378110812314,263.33242714864514,261.7043791241478,-1.6280480244973055,-1.748347301789281,0.09098441748117701,-0.3192030851810938,1.0,False,1.0,False,1.0,False,1.0,False,1.0,False,1.0,False
UNSW_NB15,6q_5k,QVE,full,0.01,6,30,0.8501333333333333,0.8522,0.002066666666666665,0.8095023376486952,0.42481871968005913,0.14779423022778462,0.8446578348441125,0.8467119199814384,0.002054085137325882,0.9028257058145829,0.37405668580375395,0.1648326681900567,0.6734361220387978,0.6794791894489179,0.006043067410119943,0.9677763705577327,0.34115841066433716,0.17669098292498292,262.1457515494122,258.45258372672834,-3.693167822683851,-4.567106819442642,8.433698481922579e-05,-0.8338358091814697,1.470510033890605,1.6029911890315514,0.1324811551409463,0.8540801390555629,0.4000609488944308,0.15593298602596029,263.6162615833028,260.0555749157599,-3.5606866675429045,-4.654606413769527,6.618718180602853e-05,-0.8498109763765982,1.0,False,1.0,False,1.0,False,0.004385523210599741,True,1.0,False,0.003441733453913484,True
UNSW_NB15,6q_5k,QVE,full,0.02,6,30,0.8531777777777779,0.8566444444444443,0.0034666666666666513,1.6637350473865344,0.10693637320977525,0.3037550717218438,0.842170294206474,0.8465239127815049,0.004353618575030845,1.7366883723416153,0.09305542187272073,0.3170744656294779,0.6935225176588609,0.6995636011826669,0.006041083523805864,1.4460046539825087,0.1588976994207447,0.2640031224145575,261.6701215483093,259.66285050480315,-2.0072710435061407,-1.8731187486607919,0.07116370890822084,-0.34198313050912177,1.5684234611379604,1.5222062360184887,-0.04621722511947155,-0.2724313347907898,0.7872208184096614,-0.04973892914538584,263.23854500944725,261.18505674082166,-2.053488268625612,-2.1027952635481784,0.04427814391274148,-0.38391613322011936,1.0,False,1.0,False,1.0,False,1.0,False,1.0,False,1.0,False
UNSW_NB15,6q_5k,QVE,full,0.05,6,30,0.8401111111111111,0.8405555555555554,0.000444444444444451,1.8363259577906892,0.07658087457150811,0.33526571667141336,0.8264084858731445,0.8269120800365588,0.0005035941634144374,1.6888993843475515,0.10196462668165714,0.30834943005458043,0.6667086928607872,0.667787729458883,0.0010790365980957986,2.0959514250319584,0.044926532044348294,0.382666624975034,260.486558923296,260.7993716106905,0.3128126873945197,0.2549617019162557,0.8005521614864839,0.046549425146480465,1.5514691144538422,1.6011517276832212,0.04968261322937906,0.3983262510002865,0.6933072607455038,0.07272409097310722,262.0380280377498,262.4005233383738,0.36249530062389873,0.30198968364859546,0.7648151238508687,0.055135520622728244,1.0,False,1.0,False,1.0,False,1.0,False,1.0,False,1.0,False
UNSW_NB15,6q_5k,QVE,linear,0.0,6,30,0.8798444444444443,0.8787555555555554,-0.0010888888888888873,-0.6899992622266905,0.49567987217942044,-0.1259760535278269,0.8757314517570671,0.8744807138149285,-0.001250737942138643,-0.7391538192376536,0.46575475394569144,-0.1349504067541863,0.7398730740748017,0.7376460639204512,-0.0022270101543505174,-0.6208491524064849,0.5395482486224157,-0.11335102852699816,257.09590757343295,256.0367562005296,-1.059151372903337,-0.48497961511059495,0.6313342583075207,-0.08854475837541541,4.309840659284964,4.792192712333053,0.48235205304808915,2.1907602972993794,0.03665501607581489,0.3999762776391981,261.40574823271794,260.8289489128627,-0.5767993198552479,-0.28020000580297527,0.7813131766232412,-0.051157287930456,1.0,False,1.0,False,1.0,False,1.0,False,1.0,False,1.0,False
UNSW_NB15,6q_5k,QVE,linear,0.0003,6,30,0.8790222222222221,0.8794444444444444,0.00042222222222222384,0.23186611381519587,0.8182703970366118,0.042332766952547674,0.8749972457380012,0.875187880018979,0.00019063428097778243,0.1000077411338734,0.9210263525514715,0.018258831914719914,0.7384317853453745,0.739199281199856,0.0007674958544815184,0.19402701627754176,0.8475074659157924,0.03542432452687723,124.04956524173419,121.54551921368888,-2.5040460280453165,-1.5737997467847897,0.1263816563518948,-0.2873352074366493,1.5986866518078993,1.4063717406708747,-0.19231491113702456,-1.1338455518118402,0.2661457405363282,-0.2070109284847458,125.64825189354208,122.95189095435974,-2.696360939182341,-1.736217157575102,0.09313995532108782,-0.3169884339771283,1.0,False,1.0,False,1.0,False,1.0,False,1.0,False,1.0,False
UNSW_NB15,6q_5k,QVE,linear,0.0005,6,30,0.8804,0.8802666666666666,-0.00013333333333333345,-0.06540578794661027,0.9482997251771066,-0.011941408483252649,0.8763964135953677,0.8762223287409153,-0.00017408485445227217,-0.07622693166093032,0.939762014529236,-0.01391706998669876,0.7413123352737462,0.741082318149653,-0.00023001712409325136,-0.052502020564669245,0.958488679578521,-0.009585513659289823,124.28899862010343,122.23003766359761,-2.05896095650581,-1.0447161064269879,0.30478478335247317,-0.1907381925596764,1.59025276186876,1.5103104510965446,-0.07994231077221532,-0.44296562391739724,0.6610774130809333,-0.08087408813963613,125.87925138197218,123.74034811469416,-2.1389032672780255,-1.1372875064907997,0.26472802834802867,-0.20763934055793798,1.0,False,1.0,False,1.0,False,1.0,False,1.0,False,1.0,False
UNSW_NB15,6q_5k,QVE,linear,0.001,6,30,0.8814444444444444,0.8795999999999998,-0.0018444444444444374,-0.9591050486390966,0.3454344261790123,-0.17510782338557426,0.8775867352246748,0.8754134726929073,-0.0021732625317676243,-1.0096714927430932,0.32100334487094817,-0.18433995074843526,0.7435319069915534,0.7394016379016551,-0.004130269089898024,-1.005979157967703,0.32274610743953147,-0.18366582573298798,124.42779203625396,121.95943703798888,-2.4683549982650828,-1.4712390879329715,0.15199540146483018,-0.26861027864807174,1.5759304204645257,1.7169156427650403,0.14098522230051458,1.0986641800793584,0.2809525710494932,0.20058771818412752,126.00372245671848,123.67635268075392,-2.327369775964568,-1.4460495865531324,0.15888519081444363,-0.2640113259420566,1.0,False,1.0,False,1.0,False,1.0,False,1.0,False,1.0,False
UNSW_NB15,6q_5k,QVE,linear,0.002,6,30,0.8786888888888889,0.8805111111111111,0.001822222222222225,0.8399982906778474,0.40778147699454825,0.15336200402334618,0.8744874617133509,0.8764389955714971,0.0019515338581460853,0.833008796569373,0.41164802195845873,0.15208590282709256,0.737349280352604,0.7413697027142258,0.004020422361621819,0.8599367758836921,0.39687738615597723,0.1570022567265876,122.79805617438008,123.11517904514136,0.31712287076128026,0.17452194226947054,0.8626679877432684,0.031863201520201126,1.6378345222833255,1.6660433562162023,0.028208833932876588,0.1435965474025705,0.8868122530784737,0.026217022730749245,124.4358906966634,124.78122240135757,0.34533170469415686,0.20761129377179957,0.836983552466376,0.037904462930548805,1.0,False,1.0,False,1.0,False,1.0,False,1.0,False,1.0,False
UNSW_NB15,6q_5k,QVE,linear,0.005,6,30,0.8809777777777779,0.8791111111111112,-0.0018666666666666647,-1.4713203414062046,0.15197357054405528,-0.2686251134347935,0.8770327088090141,0.8747533679969607,-0.0022793408120533915,-1.6531235225732577,0.10909269001828503,-0.3018176812185913,0.7427302274017631,0.7386243789582279,-0.004105848443535287,-1.4826150058503365,0.14896332599316306,-0.27068722759996106,124.19361572025034,123.03603049204685,-1.1575852282034853,-0.7232744393614616,0.4753050249528543,-0.13205124190172496,1.5636730821647993,1.6044479100654523,0.040774827900653086,0.2650068622388363,0.7928787906967811,0.048383412113958225,125.75728880241513,124.6404784021123,-1.1168104003028323,-0.7396462052256626,0.4654604235811589,-0.13504030372506365,1.0,False,1.0,False,1.0,False,1.0,False,1.0,False,1.0,False
UNSW_NB15,6q_5k,QVE,linear,0.008,6,30,0.8799777777777779,0.8790444444444445,-0.0009333333333333267,-0.43021189344333877,0.6702217915620678,-0.07854558618197517,0.8759797561126714,0.8747483258468826,-0.0012314302657889316,-0.5171480177270803,0.608975010632155,-0.09441787829273447,0.7401915507647682,0.7384152417396573,-0.0017763090251110003,-0.3803964943327171,0.7064232123575607,-0.06945058024730509,124.20468931131376,121.8886203141883,-2.3160689971254516,-1.3030872385947925,0.20279703063724897,-0.2379100916584948,1.4153608708797643,1.6398069012289247,0.22444603034916025,1.3792563461539864,0.17836047948222208,0.2518166044568974,125.62005018219352,123.52842721541722,-2.0916229667762916,-1.2308343772918235,0.2282746328351083,-0.22471858433185207,1.0,False,1.0,False,1.0,False,1.0,False,1.0,False,1.0,False
UNSW_NB15,6q_5k,QVE,linear,0.01,6,30,0.8790222222222224,0.8772444444444446,-0.0017777777777777744,-0.7210729591801217,0.4766379250439571,-0.13164930844998485,0.874851328204828,0.8731442226170864,-0.001707105587741738,-0.6454093682518484,0.5237359914632531,-0.11783508993889866,0.7383177584989652,0.7345715538782496,-0.0037462046207155466,-0.6910253361116999,0.49504433807988857,-0.1261633881319891,124.09486168085908,121.57796499699664,-2.516896683862433,-1.3161127160452906,0.19844497921014415,-0.24028820759913236,1.6059556346541892,1.757515657460317,0.15156002280612788,0.9077716869836517,0.3714809605173792,0.16573567667515493,125.70081731551326,123.33548065445696,-2.365336661056305,-1.2988073168136391,0.20424289197278414,-0.237128688423863,1.0,False,1.0,False,1.0,False,1.0,False,1.0,False,1.0,False
UNSW_NB15,6q_5k,QVE,linear,0.02,6,30,0.8759777777777777,0.8748222222222224,-0.0011555555555555653,-0.6405846745341711,0.5268223610103637,-0.11695422541149023,0.8713917402458204,0.8702784576756153,-0.0011132825702051504,-0.5667255510695475,0.5752611572251111,-0.10346945607844574,0.7326017026078555,0.7297862423157488,-0.0028154602921068306,-0.7237255893933163,0.4750321392701684,-0.13213361025148032,122.77473268235723,123.92867041601178,1.1539377336545538,0.6073950893296375,0.5483157192889561,0.1108946639145693,1.7156144003849476,1.7430482011598845,0.027433800774936876,0.15560667857002686,0.8774211530792722,0.028409762650419813,124.49034708274218,125.67171861717166,1.1813715344294906,0.6534085415515736,0.5186404798769062,0.1192955324914495,1.0,False,1.0,False,1.0,False,1.0,False,1.0,False,1.0,False
UNSW_NB15,6q_5k,QVE,linear,0.05,6,30,0.8699111111111113,0.8697111111111113,-0.00020000000000000017,-0.3397582198319698,0.7364871212478797,-0.06203108036658966,0.8626763535803588,0.8623665948683905,-0.00030975871196841086,-0.47575591642977066,0.6378127020111384,-0.08686074909837604,0.7244721036778916,0.7243198318451004,-0.00015227183279141742,-0.11205849209535164,0.9115490831823232,-0.020458987960212817,122.1305406181297,121.27416952387429,-0.8563710942553977,-0.5496431563938778,0.5867724970480954,-0.10035065177842226,1.7106227936533591,1.670252509927377,-0.04037028372598191,-0.26535869078839225,0.7926104105936034,-0.04844764692494692,123.84116341178306,122.94442203380167,-0.8967413779813797,-0.5948334829924842,0.5565679723946545,-0.10860123886478308,1.0,False,1.0,False,1.0,False,1.0,False,1.0,False,1.0,False
UNSW_NB15,6q_5k,QWE,full,0.0,6,30,0.8585333333333334,0.8595111111111111,0.0009777777777777738,1.4877940007954813,0.14759913131645758,0.2716327783855147,0.8591752733497017,0.8600962951395934,0.0009210217898917664,1.4772819977149563,0.15037865493532082,0.2697135579815923,0.7032384604975506,0.7050027085046386,0.0017642480070880465,1.5380672275855312,0.13487302099850673,0.2808113718360092,820.112450535254,840.0505917672223,19.938141231968377,7.72141973120987,1.6293832084228996e-08,1.4097319209163741,5.525221486203373,5.183835844990487,-0.34138564121288556,-3.1593781900267826,0.003680439502866954,-0.5768209007891707,825.6376720214573,845.2344276122128,19.596755590755492,7.603445972701734,2.207159326740809e-08,1.3881929580068497,1.0,False,1.0,False,1.0,False,9.776299250537398e-07,True,0.22082637017201723,False,1.3022240027770774e-06,True
UNSW_NB15,6q_5k,QWE,full,0.0003,6,30,0.8577555555555556,0.8586444444444444,0.0008888888888888798,1.0025962830367356,0.3243484970896643,0.18304820009668477,0.8583922862618074,0.8592128294518361,0.0008205431900284443,0.9752840738277144,0.3374851240173141,0.178061695736991,0.7023363325864561,0.7038348781534448,0.0014985455669886368,0.9604678653434353,0.3447600202769602,0.17535663853581132,603.1584176378169,631.6441386185896,28.485720980772747,7.612376880468225,2.1568959472708408e-08,1.389823511221085,4.586721099323283,4.431567149826636,-0.1551539494966467,-0.6068713751749248,0.5486584950561341,-0.11079904722916234,607.7451387371402,636.0757057684164,28.3305670312761,7.6534775830953325,1.9401833489911145e-08,1.3973274385404777,1.0,False,1.0,False,1.0,False,1.272568608889796e-06,True,1.0,False,1.1641100093946686e-06,True
UNSW_NB15,6q_5k,QWE,full,0.0005,6,30,0.8587111111111111,0.8576444444444445,-0.0010666666666666492,-1.1239029738980153,0.27027186696266203,-0.20519567041702763,0.8593111455696031,0.8582858710688961,-0.001025274500706963,-1.1396960737848794,0.2637392222736532,-0.20807908277068354,0.7041411612252398,0.7022237925373911,-0.0019173686878485381,-1.1815956648209958,0.24696539553692076,-0.21572886649092424,604.1597208994596,629.9807590799096,25.82103818044998,5.822383802605185,2.5956589861216264e-06,1.0630169823798554,4.216758134355769,4.025815277624255,-0.19094285673151415,-0.9820500710240468,0.3341977261463832,-0.17929699216647368,608.3764790338154,634.0065743575339,25.630095323718464,5.842806022698477,2.4536751944990717e-06,1.0667455525863323,1.0,False,1.0,False,1.0,False,0.00014535690322281107,True,1.0,False,0.00013740581089194802,True
UNSW_NB15,6q_5k,QWE,full,0.001,6,30,0.8586666666666666,0.8581333333333333,-0.0005333333333333375,-0.715772153333503,0.4798561551394216,-0.13068151813826873,0.8592473112020197,0.8587303328665535,-0.00051697833546606,-0.7351098750393948,0.4681761891028655,-0.13421208693462683,0.7041126599836399,0.7030970043169252,-0.0010156556667146913,-0.8406602285575572,0.4074164812303095,-0.15348285679280757,606.2150707396369,628.5270572193588,22.311986479721963,5.165197714254932,1.602604916212976e-05,0.9430317673571832,4.409506738993029,4.103662732165928,-0.3058440068271011,-1.2777557779530357,0.21146966548638874,-0.2332852208558133,610.6245774786298,632.6307199515247,22.00614247289486,5.208141898875553,1.4223147440348675e-05,0.9508722669006435,1.0,False,1.0,False,1.0,False,0.0008814327039171367,True,1.0,False,0.0007822731092191771,True
UNSW_NB15,6q_5k,QWE,full,0.002,6,30,0.8579777777777778,0.8585777777777778,0.0006000000000000005,0.9289040533318387,0.3606066473897418,0.16959390125594329,0.8585340710713677,0.8591131318180343,0.0005790607466667892,0.9483828837856799,0.35077126640891887,0.17315023286707246,0.7036541922529295,0.7043596125504005,0.0007054202974712746,0.5843327948564225,0.5635148979103854,0.10668408427763376,605.4220536504562,627.9392678959606,22.517214245504388,5.095467248918895,1.9453716760102857e-05,0.9303007844205564,4.4544339082979905,4.18814870622009,-0.26628520207790035,-1.1940257964781864,0.2421436305898017,-0.2179982876580584,609.8764875587542,632.1274166021807,22.25092904342649,5.1171194707651235,1.8317377589566728e-05,0.934253921195652,1.0,False,1.0,False,1.0,False,0.0010310469882854514,True,1.0,False,0.0009708210122470366,True
UNSW_NB15,6q_5k,QWE,full,0.005,6,30,0.8503555555555555,0.8527777777777777,0.0024222222222222184,3.1479613887131714,0.003788792966303648,0.5747364875844977,0.8517064943242602,0.8539411635147613,0.0022346691905011707,3.076554504946898,0.004538818219305552,0.5616994339178517,0.691899166321334,0.6956127332892399,0.003713566967905872,3.1379419387485488,0.00388639023738104,0.5729071946646915,606.1863230427728,631.272694603866,25.086371561093255,6.935287078299356,1.2705444938736189e-07,1.266204391852885,4.3027214192319665,4.033379786632334,-0.26934163259963195,-0.9182117893315956,0.3660821694051798,-0.16764176986136547,610.4890444620047,635.3060743904983,24.817029928493625,7.13023302126994,7.583784293022536e-08,1.3017964886725866,0.21974999204561158,False,0.263251456719722,False,0.22541063376810033,False,7.36915806446699e-06,True,1.0,False,4.398594889953071e-06,True
UNSW_NB15,6q_5k,QWE,full,0.008,6,30,0.845088888888889,0.8452666666666667,0.0001777777777777767,0.10183371489346725,0.9195895276377338,0.018592207587233938,0.8468169553169765,0.8470170411054554,0.0002000857884789505,0.12454449105708636,0.9017434816069888,0.022738609054988878,0.6850730780205313,0.6856128744399143,0.0005397964193827876,0.20504850537578292,0.8389666923924808,0.03743656392567854,603.673057934347,629.2239009564897,25.550843022142846,6.439787845431105,4.802133274067599e-07,1.1757390228300693,4.427269396247963,4.303463465922202,-0.12380593032576144,-0.5807287449354878,0.5659093267448014,-0.10602607779761024,608.1003273305948,633.527364422412,25.427037091817088,6.484983549247503,4.249415692969637e-07,1.1839905916575906,1.0,False,1.0,False,1.0,False,2.7372159662185313e-05,True,1.0,False,2.422166944992693e-05,True
UNSW_NB15,6q_5k,QWE,full,0.01,6,30,0.8393777777777777,0.8426444444444445,0.003266666666666666,2.515664259728739,0.017673020538178905,0.4592953540543218,0.841569931246246,0.8445131527507569,0.002943221504510733,2.4865852004147144,0.018901539476724145,0.4539862684752145,0.6767400049992263,0.6807764288292465,0.004036423830020438,1.820305315529951,0.07904807801145741,0.3323407609541044,610.7457619602326,627.4530293310527,16.707267370820045,4.362649507962172,0.0001483138214556699,0.7965071819998986,4.078014244232326,4.44196169351538,0.3639474492830535,1.5843639257669737,0.12395676801279092,0.2892639538133373,614.8237762044649,631.8949910245681,17.071214820103098,4.590918491880941,7.895753766265921e-05,0.8381832058902631,0.9896891501380187,False,1.0,False,1.0,False,0.007564004894239165,True,1.0,False,0.00402683442079562,True
UNSW_NB15,6q_5k,QWE,full,0.02,6,30,0.8575555555555555,0.8468888888888887,-0.010666666666666654,-2.6898693853264106,0.011730531455539971,-0.4911007130286103,0.851167072863619,0.846632062167817,-0.004535010695802015,-1.3733255886900133,0.18017653111596516,-0.2507338012415273,0.7012264775119971,0.6842581694892835,-0.016968308022713832,-2.331958926713863,0.02685427600699527,-0.42575550244557314,606.5073415009305,629.6560567496189,23.148715248688436,5.164919078786549,1.6038464797755468e-05,0.9429808957133985,4.458631330635399,4.2554765748170515,-0.20315475581834713,-1.0220744786276286,0.3151966366919139,-0.18660441579822798,610.9659728315659,633.9115333244359,22.945560492870086,5.172932004954983,1.56852339787388e-05,0.9444438491847568,0.6686402929657783,False,1.0,False,1.0,False,0.0008814327039171367,True,1.0,False,0.0008470026348518951,True
UNSW_NB15,6q_5k,QWE,full,0.05,6,30,0.6398444444444443,0.7246222222222223,0.0847777777777778,7.822172367151945,1.2590680191730797e-08,1.4281267513942344,0.5000227192496439,0.6642076150947215,0.16418489584507767,9.335772685087798,3.0651441218827923e-10,1.7044710971210533,0.006758680079127244,0.3606909178387322,0.353932237759605,10.340981278641872,3.0676378176162355e-11,1.8879962376835893,611.364982566998,626.3786185499902,15.013635982992128,3.7751020100228287,0.0007341243167680096,0.6892361759241991,4.3401040911208835,4.267656578185657,-0.07244751293522617,-0.3085126215198421,0.7598976522401906,-0.05632644069382376,615.705086658119,630.6462751281758,14.941188470056902,3.83565786504151,0.0006238981558434922,0.7002921118517804,7.554408115038478e-07,True,1.8390864731296753e-08,True,1.8405826905697414e-09,True,0.03597209152163247,True,1.0,False,0.03057100963633112,True
UNSW_NB15,6q_5k,QWE,linear,0.0,6,30,0.8469777777777778,0.8458888888888889,-0.0010888888888888836,-0.586168999688556,0.5622969545037508,-0.10701932787988694,0.8485600180340833,0.8477433115165021,-0.000816706517581256,-0.5239162712648738,0.6043181871135761,-0.09565358667192238,0.689856608742674,0.6877487667562536,-0.0021078419864203482,-0.7539466618176631,0.45695972469753576,-0.13765119794441766,476.39356373474004,476.95595466857776,0.5623909338377416,0.16377563876721304,0.8710438583324052,0.02990120390754005,8.354934943420812,8.175798549099515,-0.1791363943212976,-0.5818160925414102,0.5651863824226186,-0.1062245994014812,484.74849867816084,485.13175321767727,0.383254539516444,0.11658513089965455,0.9079924657965712,0.02128543535447779,1.0,False,1.0,False,1.0,False,1.0,False,1.0,False,1.0,False
UNSW_NB15,6q_5k,QWE,linear,0.0003,6,30,0.8454,0.8475333333333335,0.0021333333333333425,1.021077375904279,0.3156607493597208,0.18642237058031855,0.8473277239192646,0.8490571007408648,0.0017293768216002296,1.0017606098874416,0.32474517446620643,0.18289562775182816,0.6865987867533951,0.690603132870805,0.004004346117409933,1.233587431942321,0.22726173098150182,0.22522122104322603,241.29464657998955,238.2651405285423,-3.0295060514472425,-0.7331505975831168,0.4693520002584297,-0.13385437344822187,4.065794469260921,3.9948904301815977,-0.07090403907932341,-0.3012321668536092,0.7653868476391028,-0.05499721761062725,245.36044104925045,242.2600309587239,-3.100410090526566,-0.7805226248325762,0.44140815914149545,-0.14250328275464796,1.0,False,1.0,False,1.0,False,1.0,False,1.0,False,1.0,False
UNSW_NB15,6q_5k,QWE,linear,0.0005,6,30,0.8471555555555556,0.8472000000000001,4.444444444443585e-05,0.03713553529112701,0.9706313946500384,0.006779990121326479,0.8486642817221702,0.8487426610170157,7.837929484549126e-05,0.08032915166029543,0.9365272756833762,0.014666029463199125,0.6896603303713325,0.6900055939245225,0.00034526355318991917,0.17671248712820314,0.8609625943792144,0.03226313846431939,238.98572110127037,239.7344456960447,0.7487245947743456,0.24165720302227622,0.8107464417950648,0.04412036709296877,4.133288263793414,4.0221655898572255,-0.11112267393618822,-0.39851268428441605,0.6931713795273395,-0.07275812887816972,243.1190093650638,243.75661128590193,0.6376019208381574,0.21705530080780036,0.829685084639629,0.03962869482616718,1.0,False,1.0,False,1.0,False,1.0,False,1.0,False,1.0,False
UNSW_NB15,6q_5k,QWE,linear,0.001,6,30,0.8478,0.8456000000000002,-0.0022000000000000058,-1.0122541736409263,0.31978818517684293,-0.1848114816106289,0.8493004674538707,0.847327009534068,-0.001973457919802583,-1.1025455748399944,0.2792906635890608,-0.2012963606724551,0.6906235496658077,0.6880774686118192,-0.0025460810539885397,-0.7393226169948611,0.46565384055408454,-0.13498122486727923,240.032557481636,238.38096778633383,-1.6515896953021487,-0.6694876699983331,0.5084800991679689,-0.12223116627655388,4.177184171741828,4.0825629664429774,-0.09462120529885093,-0.4401907965892001,0.6630624904917661,-0.08036747629935767,244.20974165337782,242.46353075277682,-1.7462109006009996,-0.7457346204531229,0.4618299919625187,-0.13615189117824297,1.0,False,1.0,False,1.0,False,1.0,False,1.0,False,1.0,False
UNSW_NB15,6q_5k,QWE,linear,0.002,6,30,0.8459333333333333,0.846088888888889,0.00015555555555554952,0.07074790399836536,0.944084034930808,0.012916740972038217,0.8476199066661834,0.8478204303864754,0.00020052372029217096,0.10972055470902008,0.913386755286153,0.02003214094536999,0.6882194451795465,0.6881209969572376,-9.844822230886674e-05,-0.03095983899892656,0.9755136635994417,-0.005652467398813412,238.5273426432628,242.08176507937412,3.554422436111296,1.517066386166399,0.14007643912927858,0.27697716031206004,4.184821965483327,3.846495427781095,-0.3383265377022326,-1.5044393587106233,0.1432825317224301,-0.2746717910548049,242.71216460874615,245.92826050715522,3.2160958984090637,1.439881828221321,0.1606095557173328,0.2628852524861988,1.0,False,1.0,False,1.0,False,1.0,False,1.0,False,1.0,False
UNSW_NB15,6q_5k,QWE,linear,0.005,6,30,0.8460666666666666,0.8433777777777779,-0.0026888888888888926,-1.7523544602150507,0.09028167914228652,-0.3199346888681908,0.847900821135579,0.8455493706778672,-0.0023514504577117827,-1.7757464055140737,0.08627053863276875,-0.32420545423625813,0.6878108648413339,0.683408184555479,-0.0044026802858549985,-1.6798635349073432,0.10372712018271354,-0.3066997171997063,238.83361220719914,236.7705812500945,-2.063030957104638,-0.5702024986463903,0.5729319655900065,-0.10410425695147897,3.9301601505527892,3.9354127851159624,0.005252634563172857,0.02613256303162005,0.9793306053007652,0.004771131419281297,242.76377235775192,240.70599403521047,-2.0577783225414654,-0.5828614130359825,0.5644918214062076,-0.10641544793971444,1.0,False,1.0,False,1.0,False,1.0,False,1.0,False,1.0,False
UNSW_NB15,6q_5k,QWE,linear,0.008,6,30,0.8476444444444444,0.8441777777777778,-0.0034666666666666695,-2.023251767207956,0.05235101427349441,-0.3693935441373295,0.8489490909398241,0.8461999626223785,-0.0027491283174454336,-1.9091190390069566,0.06618639929800425,-0.3485558542088984,0.6904447412266315,0.6843524215076578,-0.006092319718973408,-1.992603392531062,0.055791667031727825,-0.3637979420835279,235.66471284227447,235.2995432449039,-0.36516959737055005,-0.06992682967381923,0.9447318754256075,-0.012766833995724139,4.024317429385459,3.8695071092806756,-0.15481032010478277,-0.5680135487258986,0.5743977842343766,-0.1037046112019115,239.6890302716599,239.16905035418458,-0.5199799174753328,-0.10297800657738074,0.9186892462148567,-0.018801125709782263,1.0,False,1.0,False,1.0,False,1.0,False,1.0,False,1.0,False
UNSW_NB15,6q_5k,QWE,linear,0.01,6,30,0.8465777777777778,0.8476444444444444,0.0010666666666666602,0.5583061530294547,0.5809207098657301,0.10193229133605454,0.848217515109466,0.8489532980128734,0.0007357829034076669,0.4586213156193971,0.6499248255753183,0.0837324133058134,0.6885214160798403,0.6906214328248563,0.002100016745015876,0.6760975108660924,0.5043354113081039,0.12343795259148432,240.92030052348662,238.70522992430875,-2.215070599177852,-0.8427032790425174,0.4062912265849816,-0.1538558650717191,3.968993604555726,4.345867616481458,0.3768740119257321,1.5198605464217174,0.1393748860295855,0.2774873018457675,244.88929412804234,243.0510975407902,-1.8381965872521202,-0.7360487421752397,0.46761336053695735,-0.13438349983756098,1.0,False,1.0,False,1.0,False,1.0,False,1.0,False,1.0,False
UNSW_NB15,6q_5k,QWE,linear,0.02,6,30,0.8456666666666666,0.8452888888888889,-0.0003777777777777843,-0.21170248498787994,0.8338199654926521,-0.03865140883592021,0.8472012263040586,0.846856792842617,-0.0003444334614417806,-0.22968410737455913,0.8199495891127451,-0.04193438890316157,0.6874459991999909,0.6869694728447304,-0.0004765263552605092,-0.15317611605402362,0.8793202678537857,-0.027966004677939315,238.55665700193495,238.15942478513657,-0.39723221679838994,-0.12479386176373344,0.9015477991532592,-0.022784137708726084,4.156790325588857,4.054555538312221,-0.10223478727663557,-0.45689086401413886,0.6511535524615839,-0.08341647751285641,242.7134473275238,242.21398032344877,-0.49946700407502553,-0.1599969573751061,0.8739927071533533,-0.02921131422884606,1.0,False,1.0,False,1.0,False,1.0,False,1.0,False,1.0,False
UNSW_NB15,6q_5k,QWE,linear,0.05,6,30,0.860488888888889,0.8554666666666667,-0.0050222222222222205,-1.678368174685018,0.10402124170269972,-0.3064267030245852,0.8577118332288796,0.8530782784092589,-0.004633554819620633,-1.7567126732800111,0.08952259847827113,-0.3207303860702217,0.7048572819059733,0.6947643895095882,-0.010092892396385122,-1.6834973192335587,0.10301529043499888,-0.30736315241456535,239.73688952601515,239.03201593044213,-0.7048735955730081,-0.19425960687797397,0.8473270280508549,-0.03546678956638402,3.960162577436616,4.006760739690313,0.046598162253697714,0.15934294181360867,0.8745032832950393,0.0290919078701822,243.69705210345177,243.03877667013245,-0.6582754333193104,-0.18872588418564654,0.8516222111374908,-0.03445647465119536,1.0,False,1.0,False,1.0,False,1.0,False,1.0,False,1.0,False
