status,dataset,model,device,entanglement,optimization_level,num_qubits,run_idx,seed,gpu_id,aggregate_depth,aggregate_two_qubit_gates,mean_readout_error,accuracy,balanced_accuracy,f1_score,mcc,roc_auc,g_mean,kernel_time,classifier_time,total_time
success,IoT_Original_Distribution,QSVC,ideal,full,0,10,0,42,0,237,474,,0.9666666666666667,0.8534663865546219,0.9648484848484848,0.7888743678291347,0.9728571428571429,0.8420413371357597,316.4926390449982,0.7856808599317446,317.27831990492996
success,IoT_Original_Distribution,QSVC,ideal,full,0,10,1,123,1,237,474,,0.956,0.815546218487395,0.9532309545317675,0.7163778151602925,0.9816596638655462,0.7970533969860858,311.0770637720125,3.1373233170015737,314.21438708901405
success,IoT_Original_Distribution,QSVC,ideal,full,0,10,2,456,2,237,474,,0.952,0.8069327731092437,0.9491822955738933,0.6908364368305651,0.9711344537815126,0.7869737804351787,316.9531495880801,0.09130617405753583,317.04445576213766
success,IoT_Original_Distribution,QSVC,ideal,full,0,10,3,789,0,237,474,,0.96,0.8305672268907562,0.9576519129782446,0.7440322610218303,0.9823739495798319,0.8151790028715712,310.9013763689436,1.0672989450395107,311.9686753139831
success,IoT_Original_Distribution,QSVC,ideal,full,0,10,4,1024,1,237,474,,0.96,0.8177521008403361,0.9569565217391305,0.7411188857944132,0.9754621848739495,0.7988305528088171,320.8882322420832,0.7672218030784279,321.6554540451616
success,IoT_Original_Distribution,QSVC,ideal,full,0,10,5,2048,2,237,474,,0.9653333333333334,0.8335084033613445,0.962695652173913,0.7778685826106652,0.974264705882353,0.8175979369804096,320.9643326259684,0.07197210192680359,321.0363047278952
success,IoT_Original_Distribution,QSVC,ideal,full,0,10,6,3072,0,237,474,,0.9586666666666667,0.8170168067226891,0.9557062350048046,0.7326424578694603,0.9769117647058824,0.7982386071530115,327.2222877140157,0.31174153403844684,327.53402924805414
success,IoT_Original_Distribution,QSVC,ideal,full,0,10,7,4096,1,237,474,,0.96,0.811344537815126,0.9565895656013148,0.7400917247011043,0.9675210084033614,0.7904896897365783,317.84532449406106,1.0498762821080163,318.8952007761691
success,IoT_Original_Distribution,QSVC,ideal,full,0,10,8,5120,2,237,474,,0.9626666666666667,0.8448529411764706,0.9607827915251496,0.7632971795679112,0.9690126050420167,0.8323425482618673,327.4803927351022,0.07250800100155175,327.55290073610377
success,IoT_Original_Distribution,QSVC,ideal,full,0,10,9,6144,0,237,474,,0.9533333333333334,0.7756302521008404,0.9482123298305163,0.6897892465381865,0.9491386554621849,0.7442214362798799,528.0358840239933,0.10131546994671226,528.13719949394
success,IoT_Original_Distribution,QSVC,FakeKolkataV2,full,0,10,0,42,1,251,474,0.012177777777777777,0.964,0.8391806722689076,0.9617344173441734,0.770034608905654,0.9714075630252101,0.8250286473253902,1323.231645265012,0.05857463297434151,1323.2902198979864
success,IoT_Original_Distribution,QSVC,FakeKolkataV2,full,0,10,1,123,2,251,474,0.012177777777777777,0.9586666666666667,0.8362394957983194,0.9567468596651202,0.7382069891100169,0.9824159663865547,0.8225804857047029,1323.3835920239799,0.04017788090277463,1323.4237699048826
success,IoT_Original_Distribution,QSVC,FakeKolkataV2,full,0,10,2,456,0,251,474,0.012177777777777777,0.9613333333333334,0.8697478991596639,0.9606881020214354,0.7646051573341011,0.97,0.8624276854351569,1464.266234557028,0.9411994420224801,1465.2074339990504
success,IoT_Original_Distribution,QSVC,FakeKolkataV2,full,0,10,3,789,1,251,474,0.012177777777777777,0.9613333333333334,0.8377100840336135,0.9592242424242425,0.7537090914028731,0.9826890756302522,0.8238054759376596,1696.3272715490311,0.057776640984229743,1696.3850481900154
success,IoT_Original_Distribution,QSVC,FakeKolkataV2,full,0,10,4,1024,2,251,474,0.012177777777777777,0.96,0.8241596638655462,0.9573104285136455,0.7424429064999531,0.9841806722689075,0.8070591910232644,1643.9206637090538,0.0701877020765096,1643.9908514111303
success,IoT_Original_Distribution,QSVC,FakeKolkataV2,full,0,10,5,2048,0,251,474,0.012177777777777777,0.972,0.8692226890756303,0.9704727272727273,0.8240396442553962,0.968718487394958,0.859988274299582,1645.342873609974,0.2542278670007363,1645.5971014769748
success,IoT_Original_Distribution,QSVC,FakeKolkataV2,full,0,10,6,3072,1,251,474,0.012177777777777777,0.9613333333333334,0.8313025210084033,0.9588999297400382,0.7521490109905334,0.9760084033613445,0.815784408824214,1367.255666373996,0.9324289549840614,1368.1880953289801
success,IoT_Original_Distribution,QSVC,FakeKolkataV2,full,0,10,7,4096,2,251,474,0.012177777777777777,0.9653333333333334,0.8399159663865546,0.9630023713784928,0.7785305396739626,0.9799789915966387,0.8256395534789426,1649.7124844309874,0.04281543695833534,1649.7552998679457
success,IoT_Original_Distribution,QSVC,FakeKolkataV2,full,0,10,8,5120,0,251,474,0.012177777777777777,0.9626666666666667,0.8384453781512605,0.9604751187796949,0.7617642024189187,0.976344537815126,0.8244172884809116,1872.2793528899783,0.05516889097634703,1872.3345217809547
success,IoT_Original_Distribution,QSVC,FakeKolkataV2,full,0,10,9,6144,1,251,474,0.012177777777777777,0.9546666666666667,0.7827731092436975,0.9499222804485964,0.7000722940502295,0.9666806722689075,0.7537023463481829,1864.0047089409782,0.22451249603182077,1864.22922143701
success,IoT_Original_Distribution,QSVC,FakeSherbrooke,full,0,10,0,42,2,727,474,0.04147699311023622,0.9066666666666666,0.5,0.8622843822843823,0.0,0.780252100840336,0.0,1878.7862674610224,0.03850742301438004,1878.8247748840367
success,IoT_Original_Distribution,QSVC,FakeSherbrooke,full,0,10,1,123,0,727,474,0.04147699311023622,0.9066666666666666,0.5,0.8622843822843823,0.0,0.7617962184873949,0.0,2613.3820513520623,0.03737633605487645,2613.419427688117
success,IoT_Original_Distribution,QSVC,FakeSherbrooke,full,0,10,2,456,1,727,474,0.04147699311023622,0.9066666666666666,0.5,0.8622843822843823,0.0,0.5421113445378151,0.0,2495.140209980076,0.041051087086088955,2495.1812610671623
success,IoT_Original_Distribution,QSVC,FakeSherbrooke,full,0,10,3,789,2,727,474,0.04147699311023622,0.9066666666666666,0.5,0.8622843822843823,0.0,0.6834033613445378,0.0,2617.3258528820006,0.0483676849398762,2617.3742205669405
success,IoT_Original_Distribution,QSVC,FakeSherbrooke,full,0,10,4,1024,0,727,474,0.04147699311023622,0.9066666666666666,0.5,0.8622843822843823,0.0,0.7132773109243699,0.0,2597.4382431539707,0.11049149895552546,2597.548734652926
success,IoT_Original_Distribution,QSVC,FakeSherbrooke,full,0,10,5,2048,1,727,474,0.04147699311023622,0.9066666666666666,0.5,0.8622843822843823,0.0,0.6716386554621849,0.0,2658.875329870032,0.06962733704131097,2658.9449572070735
success,IoT_Original_Distribution,QSVC,FakeSherbrooke,full,0,10,6,3072,2,727,474,0.04147699311023622,0.9066666666666666,0.5,0.8622843822843823,0.0,0.7161449579831932,0.0,2699.1997345569544,0.050281813950277865,2699.2500163709046
success,IoT_Original_Distribution,QSVC,FakeSherbrooke,full,0,10,7,4096,0,727,474,0.04147699311023622,0.9066666666666666,0.5,0.8622843822843823,0.0,0.5622373949579832,0.0,2530.565841089934,0.043873106013052166,2530.609714195947
success,IoT_Original_Distribution,QSVC,FakeSherbrooke,full,0,10,8,5120,1,727,474,0.04147699311023622,0.9066666666666666,0.5,0.8622843822843823,0.0,0.5619432773109243,0.0,2508.915722619975,0.1129790770355612,2509.0287016970105
success,IoT_Original_Distribution,QSVC,FakeSherbrooke,full,0,10,9,6144,2,727,474,0.04147699311023622,0.9066666666666666,0.5,0.8622843822843823,0.0,0.6818487394957983,0.0,2546.4055961619597,0.04453525203280151,2546.4501314139925
success,IoT_Original_Distribution,QSVC,ideal,full,3,10,0,42,0,195,372,,0.968,0.8670168067226891,0.9666399416909621,0.7993783471062635,0.964873949579832,0.858080719401388,329.60563467408065,0.35129581403452903,329.9569304881152
success,IoT_Original_Distribution,QSVC,ideal,full,3,10,1,123,1,195,372,,0.9573333333333334,0.8226890756302521,0.9548287071767942,0.7263003196247418,0.9813025210084034,0.8058608842138216,328.0454719789559,1.4091392239788547,329.45461120293476
success,IoT_Original_Distribution,QSVC,ideal,full,3,10,2,456,2,195,372,,0.9546666666666667,0.8340336134453781,0.9530885270447316,0.7163470439122962,0.9698949579831934,0.820739572201896,328.8095263269497,0.8725558010628447,329.68208212801255
success,IoT_Original_Distribution,QSVC,ideal,full,3,10,3,789,0,195,372,,0.96,0.8305672268907562,0.9576519129782446,0.7440322610218303,0.9823949579831932,0.8151790028715712,327.96040207496844,0.6585629340261221,328.61896500899456
success,IoT_Original_Distribution,QSVC,ideal,full,3,10,4,1024,1,195,372,,0.9586666666666667,0.8170168067226891,0.9557062350048046,0.7326424578694603,0.9764915966386556,0.7982386071530115,329.09769444400445,0.4123498109402135,329.51004425494466
success,IoT_Original_Distribution,QSVC,ideal,full,3,10,5,2048,2,195,372,,0.9626666666666667,0.8320378151260504,0.9601563999460689,0.7604867230869579,0.9745378151260505,0.8163893658289869,328.3177686909912,0.93801834306214,329.25578703405336
success,IoT_Original_Distribution,QSVC,ideal,full,3,10,6,3072,0,195,372,,0.9586666666666667,0.810609243697479,0.9553338728684811,0.7312919607677735,0.9745798319327732,0.7899047916248721,326.8195771269966,1.0401946620550007,327.8597717890516
success,IoT_Original_Distribution,QSVC,ideal,full,3,10,7,4096,1,195,372,,0.964,0.8327731092436974,0.9614215595203135,0.7690560989166502,0.9667436974789917,0.8169938748831833,333.33202658896334,0.07625919999554753,333.4082857889589
success,IoT_Original_Distribution,QSVC,ideal,full,3,10,8,5120,2,195,372,,0.9586666666666667,0.810609243697479,0.9553338728684811,0.7312919607677735,0.972752100840336,0.7899047916248721,333.189054754097,0.34571490495000035,333.534769659047
success,IoT_Original_Distribution,QSVC,ideal,full,3,10,9,6144,0,195,372,,0.9546666666666667,0.7955882352941177,0.9508015076814901,0.7026376900502387,0.9703991596638656,0.7711717593071865,552.3227360569872,0.07806633808650076,552.4008023950737
success,IoT_Original_Distribution,QSVC,FakeKolkataV2,full,3,10,0,42,1,245,372,0.012177777777777777,0.9706666666666667,0.8748949579831933,0.9694199465500486,0.8165372984608628,0.9840966386554622,0.8669346170571924,1356.6416039320175,0.051639063050970435,1356.6932429950684
success,IoT_Original_Distribution,QSVC,FakeKolkataV2,full,3,10,1,123,2,245,372,0.012177777777777777,0.9613333333333334,0.8441176470588235,0.9595373848480157,0.7555033103169059,0.9848109243697479,0.8317239361004064,1356.991141893086,0.04058893700130284,1357.0317308300873
success,IoT_Original_Distribution,QSVC,FakeKolkataV2,full,3,10,2,456,0,245,372,0.012177777777777777,0.9573333333333334,0.8483193277310924,0.9561651603756867,0.7359036917986739,0.9707563025210084,0.8376638181686658,1739.48633285705,0.06840319000184536,1739.5547360470518
success,IoT_Original_Distribution,QSVC,FakeKolkataV2,full,3,10,3,789,1,245,372,0.012177777777777777,0.9613333333333334,0.8377100840336135,0.9592242424242425,0.7537090914028731,0.983172268907563,0.8238054759376596,1765.6924036790151,0.05362307303585112,1765.746026752051
success,IoT_Original_Distribution,QSVC,FakeKolkataV2,full,3,10,4,1024,2,245,372,0.012177777777777777,0.96,0.8177521008403361,0.9569565217391305,0.7411188857944132,0.9796428571428571,0.7988305528088171,1736.115735593019,0.06948742701206356,1736.1852230200311
success,IoT_Original_Distribution,QSVC,FakeKolkataV2,full,3,10,5,2048,0,245,372,0.012177777777777777,0.964,0.8263655462184873,0.961097244111258,0.7683882726092229,0.973781512605042,0.8088533225987216,1696.7742318209494,0.06850932002998888,1696.8427411409793
success,IoT_Original_Distribution,QSVC,FakeKolkataV2,full,3,10,6,3072,1,245,372,0.012177777777777777,0.9626666666666667,0.8320378151260504,0.9601563999460689,0.7604867230869579,0.9756722689075631,0.8163893658289869,1661.5790003769798,0.42732364998664707,1662.0063240269665
success,IoT_Original_Distribution,QSVC,FakeKolkataV2,full,3,10,7,4096,2,245,372,0.012177777777777777,0.9666666666666667,0.8470588235294118,0.9645689049483086,0.7879202068207745,0.9784453781512605,0.8341956322956723,1709.1133610559627,0.04247136309277266,1709.1558324190555
success,IoT_Original_Distribution,QSVC,FakeKolkataV2,full,3,10,8,5120,0,245,372,0.012177777777777777,0.96,0.8241596638655462,0.9573104285136455,0.7424429064999531,0.9724159663865547,0.8070591910232644,1880.9801680910168,0.04598659207113087,1881.026154683088
success,IoT_Original_Distribution,QSVC,FakeKolkataV2,full,3,10,9,6144,1,245,372,0.012177777777777777,0.9546666666666667,0.7827731092436975,0.9499222804485964,0.7000722940502295,0.961764705882353,0.7537023463481829,1858.564394432935,0.1778369719395414,1858.7422314048745
success,IoT_Original_Distribution,QSVC,FakeSherbrooke,full,3,10,0,42,2,505,390,0.04147699311023622,0.9066666666666666,0.5,0.8622843822843823,0.0,0.8535924369747899,0.0,1877.1633148599649,0.037378360982984304,1877.2006932209479
success,IoT_Original_Distribution,QSVC,FakeSherbrooke,full,3,10,1,123,0,505,390,0.04147699311023622,0.9066666666666666,0.5,0.8622843822843823,0.0,0.8266491596638655,0.0,2413.989861662034,0.07147842703852803,2414.0613400890725
success,IoT_Original_Distribution,QSVC,FakeSherbrooke,full,3,10,2,456,1,505,390,0.04147699311023622,0.9066666666666666,0.5,0.8622843822843823,0.0,0.8728151260504202,0.0,2407.4879928039154,0.13030279509257525,2407.618295599008
success,IoT_Original_Distribution,QSVC,FakeSherbrooke,full,3,10,3,789,2,505,390,0.04147699311023622,0.9066666666666666,0.5,0.8622843822843823,0.0,0.7604726890756301,0.0,2423.024155505933,0.03863294795155525,2423.0627884538844
success,IoT_Original_Distribution,QSVC,FakeSherbrooke,full,3,10,4,1024,0,505,390,0.04147699311023622,0.9066666666666666,0.5,0.8622843822843823,0.0,0.806060924369748,0.0,2472.4964169549057,0.039054219028912485,2472.5354711739346
success,IoT_Original_Distribution,QSVC,FakeSherbrooke,full,3,10,5,2048,1,505,390,0.04147699311023622,0.9066666666666666,0.5,0.8622843822843823,0.0,0.825546218487395,0.0,2383.800413766061,0.11177473596762866,2383.9121885020286
success,IoT_Original_Distribution,QSVC,FakeSherbrooke,full,3,10,6,3072,2,505,390,0.04147699311023622,0.9066666666666666,0.5,0.8622843822843823,0.0,0.855640756302521,0.0,2475.000591026037,0.04010810703039169,2475.0406991330674
success,IoT_Original_Distribution,QSVC,FakeSherbrooke,full,3,10,7,4096,0,505,390,0.04147699311023622,0.9066666666666666,0.5,0.8622843822843823,0.0,0.85234243697479,0.0,1836.6351748429006,0.03691088897176087,1836.6720857318724
success,IoT_Original_Distribution,QSVC,FakeSherbrooke,full,3,10,8,5120,1,505,390,0.04147699311023622,0.9066666666666666,0.5,0.8622843822843823,0.0,0.6998214285714286,0.0,2504.420908396947,0.046846322948113084,2504.4677547198953
success,IoT_Original_Distribution,QSVC,FakeSherbrooke,full,3,10,9,6144,2,505,390,0.04147699311023622,0.9066666666666666,0.5,0.8622843822843823,0.0,0.7957037815126051,0.0,2506.5749556299997,0.038590961950831115,2506.6135465919506
success,IoT_Original_Distribution,QVE,ideal,full,0,10,0,42,0,239,474,,0.9733333333333334,0.9404411764705882,0.9738221943438349,0.8491504451985009,0.9707142857142859,0.9395712413899538,384.71900743001606,3.363109005964361,388.0821164359804
success,IoT_Original_Distribution,QVE,ideal,full,0,10,1,123,1,239,474,,0.9666666666666667,0.9047268907563025,0.9667726060568107,0.8043248213082538,0.9696008403361346,0.9015159967726445,393.0740918079391,2.0397740590851754,395.1138658670243
success,IoT_Original_Distribution,QVE,ideal,full,0,10,2,456,2,239,474,,0.968,0.9375,0.9689481481481481,0.8245730464641831,0.9767016806722689,0.9367496997597597,404.4571825648891,1.144460597075522,405.6016431619646
success,IoT_Original_Distribution,QVE,ideal,full,0,10,3,789,0,239,474,,0.9693333333333334,0.931827731092437,0.9699841621792842,0.827734592891395,0.9678991596638656,0.9306860214853532,382.64634084305726,3.1421874130610377,385.7885282561183
success,IoT_Original_Distribution,QVE,ideal,full,0,10,4,1024,1,239,474,,0.9746666666666667,0.915546218487395,0.9744171740810755,0.8476275294220028,0.9893487394957983,0.9126561107397398,396.3359919519862,1.9250749519560486,398.26106690394226
success,IoT_Original_Distribution,QVE,ideal,full,0,10,5,2048,2,239,474,,0.9746666666666667,0.9283613445378152,0.9747471806031761,0.8512942178289797,0.9670588235294119,0.9266139678302672,395.5805671468843,2.469359292066656,398.04992643895093
success,IoT_Original_Distribution,QVE,ideal,full,0,10,6,3072,0,239,474,,0.9813333333333333,0.9448529411764706,0.9813333333333333,0.8897058823529411,0.9830462184873949,0.9437877378508618,395.8193611060269,1.310863186023198,397.1302242920501
success,IoT_Original_Distribution,QVE,ideal,full,0,10,7,4096,1,239,474,,0.98,0.9184873949579833,0.9795248912332037,0.8777426674962236,0.9778361344537816,0.9153683191283526,383.29008232511114,2.7919885660521686,386.0820708911633
success,IoT_Original_Distribution,QVE,ideal,full,0,10,8,5120,2,239,474,,0.976,0.9290966386554622,0.976,0.8581932773109243,0.9768697478991597,0.927305212960217,395.4000413499307,1.5532929729670286,396.9533343228977
success,IoT_Original_Distribution,QVE,ideal,full,0,10,9,6144,0,239,474,,0.9733333333333334,0.8955882352941177,0.9726032252348042,0.8357699949679752,0.9656512605042017,0.8904724456548828,195.3724741410697,0.07075257098767906,195.44322671205737
success,IoT_Original_Distribution,QVE,FakeKolkataV2,full,0,10,0,42,1,255,474,0.012177777777777777,0.9786666666666667,0.9497899159663865,0.9789314978695508,0.8775138479828076,0.9709453781512605,0.9491260907458259,1857.2073357379995,0.8876969999400899,1858.0950327379396
success,IoT_Original_Distribution,QVE,FakeKolkataV2,full,0,10,1,123,2,255,474,0.012177777777777777,0.9653333333333334,0.9039915966386555,0.9655519370518644,0.7978563546456356,0.9688445378151261,0.9008399441865447,1866.4520532489987,0.11762042914051563,1866.5696736781392
success,IoT_Original_Distribution,QVE,FakeKolkataV2,full,0,10,2,456,0,255,474,0.012177777777777777,0.9666666666666667,0.9367647058823529,0.9677448915638597,0.818701225186817,0.9801680672268908,0.9360429854382946,2449.865581310005,0.22280104190576822,2450.0883823519107
success,IoT_Original_Distribution,QVE,FakeKolkataV2,full,0,10,3,789,1,255,474,0.012177777777777777,0.9706666666666667,0.932563025210084,0.9712044137782184,0.8339617298658304,0.9761764705882353,0.9313855225397475,2130.410509617068,0.9111547449138016,2131.3216643619817
success,IoT_Original_Distribution,QVE,FakeKolkataV2,full,0,10,4,1024,2,255,474,0.012177777777777777,0.976,0.9226890756302522,0.9758437081018961,0.8564615134993689,0.9893487394957984,0.9203579866168445,2132.048440413084,0.19006103090941906,2132.2385014439933
success,IoT_Original_Distribution,QVE,FakeKolkataV2,full,0,10,5,2048,0,255,474,0.012177777777777777,0.9733333333333334,0.9276260504201681,0.9735014900398958,0.8445328184509575,0.957247899159664,0.9259222066529722,2316.4511651450302,0.4221061511198059,2316.87327129615
success,IoT_Original_Distribution,QVE,FakeKolkataV2,full,0,10,6,3072,1,255,474,0.012177777777777777,0.9826666666666667,0.9519957983193277,0.9827217551495415,0.8982636143497057,0.9825840336134454,0.9512486265849911,2310.880763037945,0.25818617385812104,2311.1389492118033
success,IoT_Original_Distribution,QVE,FakeKolkataV2,full,0,10,7,4096,2,255,474,0.012177777777777777,0.9773333333333334,0.9170168067226891,0.9769550942884276,0.8623529757432901,0.9805672268907565,0.9140132209477208,2325.8441925370134,1.0473160630790517,2326.8915086000925
success,IoT_Original_Distribution,QVE,FakeKolkataV2,full,0,10,8,5120,0,255,474,0.012177777777777777,0.9746666666666667,0.9347689075630252,0.9749043979847223,0.8533676702625095,0.9779411764705883,0.9334808806943229,2632.198159712949,0.1512318910099566,2632.349391603959
success,IoT_Original_Distribution,QVE,FakeKolkataV2,full,0,10,9,6144,1,255,474,0.012177777777777777,0.9733333333333334,0.8955882352941177,0.9726032252348042,0.8357699949679752,0.9647058823529411,0.8904724456548828,2527.4157055519754,1.3022709740325809,2528.717976526008
success,IoT_Original_Distribution,QVE,FakeSherbrooke,full,0,10,0,42,2,731,474,0.04147699311023622,0.9733333333333334,0.8763655462184874,0.9719877082322498,0.8330471502868797,0.9609663865546219,0.8682180146762698,2674.171831003041,6.42087511299178,2680.592706116033
success,IoT_Original_Distribution,QVE,FakeSherbrooke,full,0,10,1,123,0,731,474,0.04147699311023622,0.9626666666666667,0.8192226890756302,0.9594835945612271,0.7588187420265371,0.9581092436974791,0.8000131301443505,3203.0630254109856,1.1103667910210788,3204.1733922020067
success,IoT_Original_Distribution,QVE,FakeSherbrooke,full,0,10,2,456,1,731,474,0.04147699311023622,0.9746666666666667,0.8771008403361344,0.9732848484848485,0.8416222824685271,0.9740756302521009,0.8688590025927996,3294.557996509131,1.3309797900728881,3295.888976299204
success,IoT_Original_Distribution,QVE,FakeSherbrooke,full,0,10,3,789,2,731,474,0.04147699311023622,0.9786666666666667,0.9113445378151261,0.9780825801878433,0.8690587626910756,0.974453781512605,0.9075778087809313,3319.103336044005,0.09247529599815607,3319.1958113400033
success,IoT_Original_Distribution,QVE,FakeSherbrooke,full,0,10,4,1024,0,731,474,0.04147699311023622,0.9653333333333334,0.8271008403361344,0.9623776235211394,0.7775457593519699,0.9785294117647059,0.8094504827558098,3434.7878777190344,0.8338645988842472,3435.6217423179187
success,IoT_Original_Distribution,QVE,FakeSherbrooke,full,0,10,5,2048,1,731,474,0.04147699311023622,0.9666666666666667,0.8470588235294118,0.9645689049483086,0.7879202068207745,0.9618907563025211,0.8341956322956723,3396.6212420669617,0.35600844502914697,3396.977250511991
success,IoT_Original_Distribution,QVE,FakeSherbrooke,full,0,10,6,3072,2,731,474,0.04147699311023622,0.9653333333333334,0.8271008403361344,0.9623776235211394,0.7775457593519699,0.9736344537815126,0.8094504827558098,3440.347814823035,1.343785067088902,3441.691599890124
success,IoT_Original_Distribution,QVE,FakeSherbrooke,full,0,10,7,4096,0,731,474,0.04147699311023622,0.9786666666666667,0.8857142857142857,0.9774143535883971,0.8681558508014493,0.9748529411764706,0.8783100656536799,3482.4300304190256,1.1139032250503078,3483.543933644076
success,IoT_Original_Distribution,QVE,FakeSherbrooke,full,0,10,8,5120,1,731,474,0.04147699311023622,0.9746666666666667,0.8771008403361344,0.9732848484848485,0.8416222824685271,0.9691386554621849,0.8688590025927996,3471.772831124952,1.0122729070717469,3472.785104032024
success,IoT_Original_Distribution,QVE,FakeSherbrooke,full,0,10,9,6144,2,731,474,0.04147699311023622,0.968,0.8285714285714285,0.9649671118198125,0.7967058803223808,0.957563025210084,0.8106434833777776,3470.160659289919,0.1407405239297077,3470.3013998138485
success,IoT_Original_Distribution,QVE,ideal,full,3,10,0,42,0,197,372,,0.9826666666666667,0.9519957983193277,0.9827217551495415,0.8982636143497057,0.9694957983193278,0.9512486265849911,397.34259607398417,3.444812858942896,400.78740893292706
success,IoT_Original_Distribution,QVE,ideal,full,3,10,1,123,1,197,372,,0.9666666666666667,0.9047268907563025,0.9667726060568107,0.8043248213082538,0.9701680672268909,0.9015159967726445,398.6322860629298,2.145087635028176,400.77737369795796
success,IoT_Original_Distribution,QVE,ideal,full,3,10,2,456,2,197,372,,0.9746666666666667,0.9411764705882353,0.9750567078084573,0.8555852638929973,0.9803361344537815,0.9402753038652155,398.49250503396615,2.548818027949892,401.04132306191605
success,IoT_Original_Distribution,QVE,ideal,full,3,10,3,789,0,197,372,,0.9706666666666667,0.932563025210084,0.9712044137782184,0.8339617298658304,0.9753151260504201,0.9313855225397475,403.03441357193515,1.3546262679155916,404.38903983985074
success,IoT_Original_Distribution,QVE,ideal,full,3,10,4,1024,1,197,372,,0.976,0.9226890756302522,0.9758437081018961,0.8564615134993689,0.9890546218487395,0.9203579866168445,384.41940079198685,3.2621377499308437,387.6815385419177
success,IoT_Original_Distribution,QVE,ideal,full,3,10,5,2048,2,197,372,,0.9746666666666667,0.9027310924369748,0.9740648622287248,0.8446951273043477,0.972436974789916,0.898387911949028,401.64635627588723,1.8370976670412347,403.48345394292846
success,IoT_Original_Distribution,QVE,ideal,full,3,10,6,3072,0,197,372,,0.9653333333333334,0.9103991596638655,0.9657636840380203,0.8006647837619872,0.9789915966386554,0.9078902499103914,388.63490550604183,3.3894132231362164,392.02431872917805
success,IoT_Original_Distribution,QVE,ideal,full,3,10,7,4096,1,197,372,,0.9786666666666667,0.9241596638655463,0.9783842217238802,0.8710895817845912,0.979201680672269,0.9217265494346862,404.16097724204883,1.0399413789855316,405.20091862103436
success,IoT_Original_Distribution,QVE,ideal,full,3,10,8,5120,2,197,372,,0.9746666666666667,0.9283613445378152,0.9747471806031761,0.8512942178289797,0.9851680672268908,0.9266139678302672,403.2608394289855,1.5119918350828812,404.7728312640684
success,IoT_Original_Distribution,QVE,ideal,full,3,10,9,6144,0,197,372,,0.9733333333333334,0.8955882352941177,0.9726032252348042,0.8357699949679752,0.9656302521008403,0.8904724456548828,191.79680175310932,0.07722027192357928,191.8740220250329
success,IoT_Original_Distribution,QVE,FakeKolkataV2,full,3,10,0,42,1,249,372,0.012177777777777777,0.9786666666666667,0.9433823529411764,0.9788011920319166,0.8756504609878387,0.9699789915966388,0.9423843352338354,2198.629868985852,0.8440025630407035,2199.473871548893
success,IoT_Original_Distribution,QVE,FakeKolkataV2,full,3,10,1,123,2,249,372,0.012177777777777777,0.9693333333333334,0.8933823529411765,0.9688215981549314,0.8134790665386955,0.9683193277310924,0.8884884719037622,2199.162169120973,0.11491880007088184,2199.277087921044
success,IoT_Original_Distribution,QVE,FakeKolkataV2,full,3,10,2,456,0,249,372,0.012177777777777777,0.9733333333333334,0.9404411764705882,0.9738221943438349,0.8491504451985009,0.9795588235294118,0.9395712413899538,2626.073321221047,0.12001328205224127,2626.1933345030993
success,IoT_Original_Distribution,QVE,FakeKolkataV2,full,3,10,3,789,1,249,372,0.012177777777777777,0.9746666666666667,0.915546218487395,0.9744171740810755,0.8476275294220028,0.968172268907563,0.9126561107397398,2566.446088308934,1.1700614679139107,2567.616149776848
success,IoT_Original_Distribution,QVE,FakeKolkataV2,full,3,10,4,1024,2,249,372,0.012177777777777777,0.976,0.9226890756302522,0.9758437081018961,0.8564615134993689,0.9893067226890756,0.9203579866168445,2616.979691257002,1.1028979959664866,2618.0825892529683
success,IoT_Original_Distribution,QVE,FakeKolkataV2,full,3,10,5,2048,0,249,372,0.012177777777777777,0.9733333333333334,0.9276260504201681,0.9735014900398958,0.8445328184509575,0.9662394957983195,0.9259222066529722,2562.8533646510914,8.91054556297604,2571.7639102140674
success,IoT_Original_Distribution,QVE,FakeKolkataV2,full,3,10,6,3072,1,249,372,0.012177777777777777,0.9826666666666667,0.9519957983193277,0.9827217551495415,0.8982636143497057,0.9814285714285714,0.9512486265849911,2154.6526064459467,1.2826182059943676,2155.935224651941
success,IoT_Original_Distribution,QVE,FakeKolkataV2,full,3,10,7,4096,2,249,372,0.012177777777777777,0.976,0.9226890756302522,0.9758437081018961,0.8564615134993689,0.9773319327731094,0.9203579866168445,2517.3669262081385,0.13208236696664244,2517.499008575105
success,IoT_Original_Distribution,QVE,FakeKolkataV2,full,3,10,8,5120,0,249,372,0.012177777777777777,0.972,0.926890756302521,0.9722627556673245,0.8379043759233724,0.978172268907563,0.9252299282708418,2928.345225603087,1.19681034097448,2929.5420359440614
success,IoT_Original_Distribution,QVE,FakeKolkataV2,full,3,10,9,6144,1,249,372,0.012177777777777777,0.9733333333333334,0.8955882352941177,0.9726032252348042,0.8357699949679752,0.9648949579831932,0.8904724456548828,2867.2300661480986,0.44614061107859015,2867.676206759177
success,IoT_Original_Distribution,QVE,FakeSherbrooke,full,3,10,0,42,2,509,390,0.04147699311023622,0.976,0.8778361344537815,0.9745911477869468,0.8504239094043609,0.9696638655462184,0.8694995179784206,2600.2566197159467,1.730948174954392,2601.987567890901
success,IoT_Original_Distribution,QVE,FakeSherbrooke,full,3,10,1,123,0,509,390,0.04147699311023622,0.968,0.8413865546218487,0.9655652173913043,0.7962434310187911,0.9559243697478992,0.8268600117260458,3355.4343966350425,1.4594522711122409,3356.8938489061547
success,IoT_Original_Distribution,QVE,FakeSherbrooke,full,3,10,2,456,1,509,390,0.04147699311023622,0.9733333333333334,0.8763655462184874,0.9719877082322498,0.8330471502868797,0.973844537815126,0.8682180146762698,3350.9312643739395,1.279855401138775,3352.2111197750783
success,IoT_Original_Distribution,QVE,FakeSherbrooke,full,3,10,3,789,2,509,390,0.04147699311023622,0.9786666666666667,0.9113445378151261,0.9780825801878433,0.8690587626910756,0.9744117647058823,0.9075778087809313,3356.3495436910307,1.7379045380512252,3358.087448229082
success,IoT_Original_Distribution,QVE,FakeSherbrooke,full,3,10,4,1024,0,509,390,0.04147699311023622,0.968,0.8349789915966386,0.9652716524810518,0.7962727766774027,0.9752310924369748,0.8188047242600571,3280.2410225069616,0.13176409690640867,3280.372786603868
success,IoT_Original_Distribution,QVE,FakeSherbrooke,full,3,10,5,2048,1,509,390,0.04147699311023622,0.9666666666666667,0.8406512605042017,0.9642792217780681,0.7872629194402451,0.9617226890756303,0.8262500079456896,3224.8667177380994,0.43822370702400804,3225.3049414451234
success,IoT_Original_Distribution,QVE,FakeSherbrooke,full,3,10,6,3072,2,509,390,0.04147699311023622,0.9733333333333334,0.8635504201680673,0.9715402856757637,0.8326619894349766,0.9748739495798319,0.852936105461599,3308.0768879440147,0.9491555700078607,3309.0260435140226
success,IoT_Original_Distribution,QVE,FakeSherbrooke,full,3,10,7,4096,0,509,390,0.04147699311023622,0.9813333333333333,0.9,0.9803913957625747,0.885359628326106,0.9731932773109243,0.8944271909999159,3295.1316358391196,1.648069181945175,3296.7797050210647
success,IoT_Original_Distribution,QVE,FakeSherbrooke,full,3,10,8,5120,1,509,390,0.04147699311023622,0.9733333333333334,0.8763655462184874,0.9719877082322498,0.8330471502868797,0.9695378151260503,0.8682180146762698,3189.4475409969455,0.19632649596314877,3189.6438674929086
success,IoT_Original_Distribution,QVE,FakeSherbrooke,full,3,10,9,6144,2,509,390,0.04147699311023622,0.9693333333333334,0.8357142857142856,0.9665740895241981,0.8058917368770788,0.957563025210084,0.8194074514114278,3264.7236150050303,1.3052463990170509,3266.0288614040473
success,UNSW_2018_IoT_Botnet_Final_10_Best,QSVC,ideal,full,0,10,0,42,0,237,474,,0.9693333333333334,0.8466666666666667,0.9668132889069857,0.8188327704831995,0.9956938271604938,0.8326663997864531,319.3492545170011,0.9989758779993281,320.3482303950004
success,UNSW_2018_IoT_Botnet_Final_10_Best,QSVC,ideal,full,0,10,1,123,1,237,474,,0.9693333333333334,0.8466666666666667,0.9668132889069857,0.8188327704831995,0.9960098765432099,0.8326663997864531,324.44544010201935,0.07564072194509208,324.52108082396444
success,UNSW_2018_IoT_Botnet_Final_10_Best,QSVC,ideal,full,0,10,2,456,2,237,474,,0.9653333333333334,0.8266666666666667,0.9620264441110277,0.7931590533305228,0.9932641975308643,0.8082903768654761,324.4087420220021,0.3396748850354925,324.7484169070376
success,UNSW_2018_IoT_Botnet_Final_10_Best,QSVC,ideal,full,0,10,3,789,0,237,474,,0.9693333333333334,0.8466666666666667,0.9668132889069857,0.8188327704831995,0.9917827160493828,0.8326663997864531,324.71637558203656,0.3178361450554803,325.03421172709204
success,UNSW_2018_IoT_Botnet_Final_10_Best,QSVC,ideal,full,0,10,4,1024,1,237,474,,0.964,0.8200000000000001,0.9604017216642754,0.7844645405527362,0.9953777777777778,0.8,324.2168435229687,0.5612695559393615,324.77811307890806
success,UNSW_2018_IoT_Botnet_Final_10_Best,QSVC,ideal,full,0,10,5,2048,2,237,474,,0.9773333333333334,0.8866666666666667,0.976025653013294,0.8685247607959182,0.9952987654320987,0.8793937305515279,316.76104659901466,1.121852366020903,317.88289896503557
success,UNSW_2018_IoT_Botnet_Final_10_Best,QSVC,ideal,full,0,10,6,3072,0,237,474,,0.9693333333333334,0.8466666666666667,0.9668132889069857,0.8188327704831995,0.995753086419753,0.8326663997864531,320.5470565429423,1.0364951479714364,321.58355169091374
success,UNSW_2018_IoT_Botnet_Final_10_Best,QSVC,ideal,full,0,10,7,4096,1,237,474,,0.976,0.88,0.9745215311004785,0.8603834844182797,0.9956148148148148,0.8717797887081347,327.1023116540164,0.06799332005903125,327.1703049740754
success,UNSW_2018_IoT_Botnet_Final_10_Best,QSVC,ideal,full,0,10,8,5120,2,237,474,,0.9693333333333334,0.8466666666666667,0.9668132889069857,0.8188327704831995,0.9947654320987654,0.8326663997864531,326.5401160439942,0.5612055149395019,327.1013215589337
success,UNSW_2018_IoT_Botnet_Final_10_Best,QSVC,ideal,full,0,10,9,6144,0,237,474,,0.972,0.86,0.9699353722456874,0.8356290217967334,0.9968395061728396,0.848528137423857,525.9228623160161,0.08912758401129395,526.0119899000274
success,UNSW_2018_IoT_Botnet_Final_10_Best,QSVC,FakeKolkataV2,full,0,10,0,42,1,251,474,0.012177777777777777,0.992,0.9718518518518519,0.9919518631057093,0.9551298395237828,0.9992888888888889,0.9715254646148302,1366.9453687509522,0.052134518045932055,1366.9975032689981
success,UNSW_2018_IoT_Botnet_Final_10_Best,QSVC,FakeKolkataV2,full,0,10,1,123,2,251,474,0.012177777777777777,0.992,0.9718518518518519,0.9919518631057093,0.9551298395237828,0.9994469135802468,0.9715254646148302,1367.6453902190551,0.03537145699374378,1367.6807616760489
success,UNSW_2018_IoT_Botnet_Final_10_Best,QSVC,FakeKolkataV2,full,0,10,2,456,0,251,474,0.012177777777777777,0.9853333333333333,0.9622222222222223,0.985376462329221,0.9190234446584884,0.9959308641975309,0.9617884575295323,1614.1245336160064,0.03325565904378891,1614.1577892750502
success,UNSW_2018_IoT_Botnet_Final_10_Best,QSVC,FakeKolkataV2,full,0,10,3,789,1,251,474,0.012177777777777777,0.9826666666666667,0.942962962962963,0.9825090124741693,0.9021917140637609,0.9967407407407407,0.9416560143612507,1614.6693464099662,0.03607640799600631,1614.7054228179622
success,UNSW_2018_IoT_Botnet_Final_10_Best,QSVC,FakeKolkataV2,full,0,10,4,1024,2,251,474,0.012177777777777777,0.9933333333333333,0.9725925925925926,0.9932726971054497,0.9625389859074907,0.999367901234568,0.9722469838116569,1506.5117075010203,0.06294807209633291,1506.5746555731166
success,UNSW_2018_IoT_Botnet_Final_10_Best,QSVC,FakeKolkataV2,full,0,10,5,2048,0,251,474,0.012177777777777777,0.9866666666666667,0.962962962962963,0.9866666666666667,0.9259259259259259,0.9981432098765433,0.9625070145647874,1655.5478740030667,0.07363940798677504,1655.6215134110535
success,UNSW_2018_IoT_Botnet_Final_10_Best,QSVC,FakeKolkataV2,full,0,10,6,3072,1,251,474,0.012177777777777777,0.9893333333333333,0.9585185185185185,0.9892029703971996,0.9397348497116318,0.9990320987654321,0.9577442633991989,1650.7078207730083,0.07418872101698071,1650.7820094940253
success,UNSW_2018_IoT_Botnet_Final_10_Best,QSVC,FakeKolkataV2,full,0,10,7,4096,2,251,474,0.012177777777777777,0.9893333333333333,0.9585185185185185,0.9892029703971996,0.9397348497116318,0.9991111111111111,0.9577442633991989,1681.0021510369843,0.055727183003909886,1681.0578782199882
success,UNSW_2018_IoT_Botnet_Final_10_Best,QSVC,FakeKolkataV2,full,0,10,8,5120,0,251,474,0.012177777777777777,0.988,0.9459259259259258,0.9877372443326755,0.931812630383357,0.9981234567901236,0.9444627449207352,1932.324919768027,0.033360440051183105,1932.3582802080782
success,UNSW_2018_IoT_Botnet_Final_10_Best,QSVC,FakeKolkataV2,full,0,10,9,6144,1,251,474,0.012177777777777777,0.9933333333333333,0.9785185185185186,0.9933134292768468,0.9627689054936828,0.9991703703703704,0.9783432708183541,1926.7182499839691,0.0820651319809258,1926.80031511595
success,UNSW_2018_IoT_Botnet_Final_10_Best,QSVC,FakeSherbrooke,full,0,10,0,42,2,727,474,0.04147699311023622,0.9,0.5,0.8526315789473683,0.0,0.8747259259259259,0.0,1896.5723852120573,0.11063045100308955,1896.6830156630604
success,UNSW_2018_IoT_Botnet_Final_10_Best,QSVC,FakeSherbrooke,full,0,10,1,123,0,727,474,0.04147699311023622,0.9,0.5,0.8526315789473683,0.0,0.9115259259259259,0.0,2608.6193016410107,0.037818835000507534,2608.657120476011
success,UNSW_2018_IoT_Botnet_Final_10_Best,QSVC,FakeSherbrooke,full,0,10,2,456,1,727,474,0.04147699311023622,0.9,0.5,0.8526315789473683,0.0,0.862320987654321,0.0,2570.6551182919648,0.10446937498636544,2570.759587666951
success,UNSW_2018_IoT_Botnet_Final_10_Best,QSVC,FakeSherbrooke,full,0,10,3,789,2,727,474,0.04147699311023622,0.9,0.5,0.8526315789473683,0.0,0.8480296296296296,0.0,2580.4845593350474,0.0995424120919779,2580.5841017471394
success,UNSW_2018_IoT_Botnet_Final_10_Best,QSVC,FakeSherbrooke,full,0,10,4,1024,0,727,474,0.04147699311023622,0.9,0.5,0.8526315789473683,0.0,0.8713086419753086,0.0,2515.723009878071,0.08132101397495717,2515.804330892046
success,UNSW_2018_IoT_Botnet_Final_10_Best,QSVC,FakeSherbrooke,full,0,10,5,2048,1,727,474,0.04147699311023622,0.9,0.5,0.8526315789473683,0.0,0.8621234567901235,0.0,2523.6391931260005,0.06506597495172173,2523.704259100952
success,UNSW_2018_IoT_Botnet_Final_10_Best,QSVC,FakeSherbrooke,full,0,10,6,3072,2,727,474,0.04147699311023622,0.9,0.5,0.8526315789473683,0.0,0.8553777777777777,0.0,2569.2449522719253,0.05946889705955982,2569.304421168985
success,UNSW_2018_IoT_Botnet_Final_10_Best,QSVC,FakeSherbrooke,full,0,10,7,4096,0,727,474,0.04147699311023622,0.9,0.5,0.8526315789473683,0.0,0.8869728395061728,0.0,2561.4573246809887,0.0877677280222997,2561.545092409011
success,UNSW_2018_IoT_Botnet_Final_10_Best,QSVC,FakeSherbrooke,full,0,10,8,5120,1,727,474,0.04147699311023622,0.9,0.5,0.8526315789473683,0.0,0.8638024691358024,0.0,2611.165177854011,0.053849042975343764,2611.219026896986
success,UNSW_2018_IoT_Botnet_Final_10_Best,QSVC,FakeSherbrooke,full,0,10,9,6144,2,727,474,0.04147699311023622,0.9,0.5,0.8526315789473683,0.0,0.8686814814814815,0.0,2611.8438028510427,0.038351934985257685,2611.882154786028
success,UNSW_2018_IoT_Botnet_Final_10_Best,QSVC,ideal,full,3,10,0,42,0,195,372,,0.9693333333333334,0.8466666666666667,0.9668132889069857,0.8188327704831995,0.9956938271604938,0.8326663997864531,328.2376614600653,0.34152778005227447,328.57918924011756
success,UNSW_2018_IoT_Botnet_Final_10_Best,QSVC,ideal,full,3,10,1,123,1,195,372,,0.9693333333333334,0.8466666666666667,0.9668132889069857,0.8188327704831995,0.9960098765432099,0.8326663997864531,325.86624080094043,1.0329478700878099,326.89918867102824
success,UNSW_2018_IoT_Botnet_Final_10_Best,QSVC,ideal,full,3,10,2,456,2,195,372,,0.9653333333333334,0.8266666666666667,0.9620264441110277,0.7931590533305228,0.9932641975308643,0.8082903768654761,328.23111732502,0.0663869259878993,328.2975042510079
success,UNSW_2018_IoT_Botnet_Final_10_Best,QSVC,ideal,full,3,10,3,789,0,195,372,,0.9693333333333334,0.8466666666666667,0.9668132889069857,0.8188327704831995,0.9917827160493828,0.8326663997864531,322.16161987301894,1.1409001669380814,323.302520039957
success,UNSW_2018_IoT_Botnet_Final_10_Best,QSVC,ideal,full,3,10,4,1024,1,195,372,,0.964,0.8200000000000001,0.9604017216642754,0.7844645405527362,0.9953975308641976,0.8,323.1922065060353,0.38498667592648417,323.5771931819618
success,UNSW_2018_IoT_Botnet_Final_10_Best,QSVC,ideal,full,3,10,5,2048,2,195,372,,0.9773333333333334,0.8866666666666667,0.976025653013294,0.8685247607959182,0.9952987654320987,0.8793937305515279,323.193581855041,0.37328178994357586,323.56686364498455
success,UNSW_2018_IoT_Botnet_Final_10_Best,QSVC,ideal,full,3,10,6,3072,0,195,372,,0.9693333333333334,0.8466666666666667,0.9668132889069857,0.8188327704831995,0.995753086419753,0.8326663997864531,327.92381627403665,0.8646857149433345,328.78850198898
success,UNSW_2018_IoT_Botnet_Final_10_Best,QSVC,ideal,full,3,10,7,4096,1,195,372,,0.976,0.88,0.9745215311004785,0.8603834844182797,0.9956148148148148,0.8717797887081347,327.35206788301,1.1453895749291405,328.49745745793916
success,UNSW_2018_IoT_Botnet_Final_10_Best,QSVC,ideal,full,3,10,8,5120,2,195,372,,0.9693333333333334,0.8466666666666667,0.9668132889069857,0.8188327704831995,0.9947654320987654,0.8326663997864531,328.42245927406475,0.36193601798731834,328.78439529205207
success,UNSW_2018_IoT_Botnet_Final_10_Best,QSVC,ideal,full,3,10,9,6144,0,195,372,,0.972,0.86,0.9699353722456874,0.8356290217967334,0.9968395061728396,0.848528137423857,572.5635009399848,0.04303823004011065,572.6065391700249
success,UNSW_2018_IoT_Botnet_Final_10_Best,QSVC,FakeKolkataV2,full,3,10,0,42,1,245,372,0.012177777777777777,0.988,0.9637037037037037,0.9879641726983244,0.9329618186362932,0.9990518518518519,0.9632250355632388,1362.4806783830281,0.055981231038458645,1362.5366596140666
success,UNSW_2018_IoT_Botnet_Final_10_Best,QSVC,FakeKolkataV2,full,3,10,1,123,2,245,372,0.012177777777777777,0.9866666666666667,0.9451851851851851,0.9864183874139626,0.9241769147331992,0.9992888888888889,0.9437618448279663,1363.2016555799637,0.037003978970460594,1363.2386595589342
success,UNSW_2018_IoT_Botnet_Final_10_Best,QSVC,FakeKolkataV2,full,3,10,2,456,0,245,372,0.012177777777777777,0.98,0.9296296296296296,0.9796920727827968,0.8861418804606043,0.9950814814814815,0.9274949668759648,1708.1916512179887,0.09251286403741688,1708.284164082026
success,UNSW_2018_IoT_Botnet_Final_10_Best,QSVC,FakeKolkataV2,full,3,10,3,789,1,245,372,0.012177777777777777,0.9786666666666667,0.922962962962963,0.9782694198623402,0.8780449555951028,0.9960296296296296,0.9203327363942958,1744.293758839951,0.08860701799858361,1744.3823658579495
success,UNSW_2018_IoT_Botnet_Final_10_Best,QSVC,FakeKolkataV2,full,3,10,4,1024,2,245,372,0.012177777777777777,0.9826666666666667,0.9192592592592592,0.9820508618821329,0.9004158507287632,0.9990320987654322,0.9158359872573012,1783.9776395289227,0.056181896943598986,1784.0338214258663
success,UNSW_2018_IoT_Botnet_Final_10_Best,QSVC,FakeKolkataV2,full,3,10,5,2048,0,245,372,0.012177777777777777,0.984,0.9496296296296296,0.9839037262114185,0.9101472725132436,0.9978271604938271,0.948657270716854,1634.3492962419987,0.06495430995710194,1634.4142505519558
success,UNSW_2018_IoT_Botnet_Final_10_Best,QSVC,FakeKolkataV2,full,3,10,6,3072,1,245,372,0.012177777777777777,0.984,0.9318518518518519,0.9835964239042502,0.9084468991340325,0.9985975308641974,0.9295691289151651,1621.2496347109554,0.11999748693779111,1621.3696321978932
success,UNSW_2018_IoT_Botnet_Final_10_Best,QSVC,FakeKolkataV2,full,3,10,7,4096,2,245,372,0.012177777777777777,0.9866666666666667,0.9451851851851851,0.9864183874139626,0.9241769147331992,0.9989925925925925,0.9437618448279663,1649.7352663570782,0.04143242700956762,1649.7766987840878
success,UNSW_2018_IoT_Botnet_Final_10_Best,QSVC,FakeKolkataV2,full,3,10,8,5120,0,245,372,0.012177777777777777,0.98,0.9059259259259259,0.9791464727335042,0.8844417595145313,0.9979259259259259,0.9011816659596046,1901.5965921659954,0.07557545404415578,1901.6721676200395
success,UNSW_2018_IoT_Botnet_Final_10_Best,QSVC,FakeKolkataV2,full,3,10,9,6144,1,245,372,0.012177777777777777,0.9893333333333333,0.9585185185185185,0.9892029703971996,0.9397348497116318,0.9987358024691357,0.9577442633991989,1897.6515306159854,0.07104150694794953,1897.7225721229333
success,UNSW_2018_IoT_Botnet_Final_10_Best,QSVC,FakeSherbrooke,full,3,10,0,42,2,505,390,0.04147699311023622,0.9,0.5,0.8526315789473683,0.0,0.9463604938271605,0.0,1918.9470721890684,0.050559777999296784,1918.9976319670677
success,UNSW_2018_IoT_Botnet_Final_10_Best,QSVC,FakeSherbrooke,full,3,10,1,123,0,505,390,0.04147699311023622,0.9,0.5,0.8526315789473683,0.0,0.9540345679012345,0.0,2451.8706745200325,0.08016799204051495,2451.950842512073
success,UNSW_2018_IoT_Botnet_Final_10_Best,QSVC,FakeSherbrooke,full,3,10,2,456,1,505,390,0.04147699311023622,0.9,0.5,0.8526315789473683,0.0,0.9135111111111112,0.0,2443.814668940031,0.10752660594880581,2443.92219554598
success,UNSW_2018_IoT_Botnet_Final_10_Best,QSVC,FakeSherbrooke,full,3,10,3,789,2,505,390,0.04147699311023622,0.9,0.5,0.8526315789473683,0.0,0.9047012345679012,0.0,2464.19402417494,0.04123106796760112,2464.2352552429074
success,UNSW_2018_IoT_Botnet_Final_10_Best,QSVC,FakeSherbrooke,full,3,10,4,1024,0,505,390,0.04147699311023622,0.9,0.5,0.8526315789473683,0.0,0.9486617283950617,0.0,2431.479097482981,0.092904057004489,2431.5720015399856
success,UNSW_2018_IoT_Botnet_Final_10_Best,QSVC,FakeSherbrooke,full,3,10,5,2048,1,505,390,0.04147699311023622,0.9,0.5,0.8526315789473683,0.0,0.9206617283950617,0.0,2454.8038524650037,0.06079857097938657,2454.864651035983
success,UNSW_2018_IoT_Botnet_Final_10_Best,QSVC,FakeSherbrooke,full,3,10,6,3072,2,505,390,0.04147699311023622,0.9,0.5,0.8526315789473683,0.0,0.9340740740740742,0.0,2455.5015796780353,0.03812756109982729,2455.539707239135
success,UNSW_2018_IoT_Botnet_Final_10_Best,QSVC,FakeSherbrooke,full,3,10,7,4096,0,505,390,0.04147699311023622,0.9,0.5,0.8526315789473683,0.0,0.9368395061728395,0.0,2414.487694151001,0.0817580659640953,2414.569452216965
success,UNSW_2018_IoT_Botnet_Final_10_Best,QSVC,FakeSherbrooke,full,3,10,8,5120,1,505,390,0.04147699311023622,0.9,0.5,0.8526315789473683,0.0,0.9272987654320988,0.0,2445.3137832960347,0.03877158707473427,2445.3525548831094
success,UNSW_2018_IoT_Botnet_Final_10_Best,QSVC,FakeSherbrooke,full,3,10,9,6144,2,505,390,0.04147699311023622,0.9,0.5,0.8526315789473683,0.0,0.941846913580247,0.0,2438.5211064699106,0.07632684498094022,2438.5974333148915
success,UNSW_2018_IoT_Botnet_Final_10_Best,QVE,ideal,full,0,10,0,42,0,239,474,,0.9946666666666667,0.9851851851851852,0.9946666666666667,0.9703703703703703,0.998874074074074,0.9851138932712549,399.1885620941175,1.9068018370307982,401.0953639311483
success,UNSW_2018_IoT_Botnet_Final_10_Best,QVE,ideal,full,0,10,1,123,1,239,474,,0.9746666666666667,0.9503703703703703,0.9751654011600608,0.8659387355399445,0.9958123456790124,0.9498849832908621,399.4382405660581,1.918797479942441,401.3570380460005
success,UNSW_2018_IoT_Botnet_Final_10_Best,QVE,ideal,full,0,10,2,456,2,239,474,,0.976,0.9748148148148148,0.9768986417409085,0.8809292730814589,0.996958024691358,0.9748136890683583,380.08810387493577,3.3414032900473103,383.4295071649831
success,UNSW_2018_IoT_Botnet_Final_10_Best,QVE,ideal,full,0,10,3,789,0,239,474,,0.9666666666666667,0.94,0.9676684649246913,0.8285751897411828,0.9943703703703703,0.9394087975364553,396.5548274089815,2.581497547100298,399.1363249560818
success,UNSW_2018_IoT_Botnet_Final_10_Best,QVE,ideal,full,0,10,4,1024,1,239,474,,0.9773333333333334,0.9459259259259258,0.9775303142786439,0.8764825995924929,0.9952000000000001,0.945110875982937,392.0333310639253,3.2436572150327265,395.276988278958
success,UNSW_2018_IoT_Botnet_Final_10_Best,QVE,ideal,full,0,10,5,2048,2,239,474,,0.9893333333333333,0.9703703703703703,0.9893333333333333,0.9407407407407408,0.9964246913580247,0.9700808162846314,396.84890521899797,1.9219791360665113,398.7708843550645
success,UNSW_2018_IoT_Botnet_Final_10_Best,QVE,ideal,full,0,10,6,3072,0,239,474,,0.9733333333333334,0.9614814814814815,0.9742014061894481,0.8646700202594716,0.9972345679012345,0.9613673389989006,389.00939757889137,2.772427565068938,391.7818251439603
success,UNSW_2018_IoT_Botnet_Final_10_Best,QVE,ideal,full,0,10,7,4096,1,239,474,,0.9866666666666667,0.9807407407407407,0.986893315018315,0.9293255422121506,0.9981234567901234,0.9807127667488568,393.4313570240047,1.6696846728445962,395.1010416968493
success,UNSW_2018_IoT_Botnet_Final_10_Best,QVE,ideal,full,0,10,8,5120,2,239,474,,0.9893333333333333,0.9644444444444444,0.9892691508076122,0.9401356505202697,0.9971555555555556,0.9639425217227349,394.3215422240319,1.0186952330404893,395.34023745707236
success,UNSW_2018_IoT_Botnet_Final_10_Best,QVE,ideal,full,0,10,9,6144,0,239,474,,0.9773333333333334,0.9577777777777778,0.9777795694590019,0.8801811489534305,0.9972345679012345,0.957465790898422,187.08393059205264,0.08135353308171034,187.16528412513435
success,UNSW_2018_IoT_Botnet_Final_10_Best,QVE,FakeKolkataV2,full,0,10,0,42,1,255,474,0.012177777777777777,0.996,0.9859259259259259,0.995988057566108,0.9776724489223776,0.9997827160493827,0.9858455041357603,1968.7716439219657,0.8786847069859505,1969.6503286289517
success,UNSW_2018_IoT_Botnet_Final_10_Best,QVE,FakeKolkataV2,full,0,10,1,123,2,255,474,0.012177777777777777,0.9786666666666667,0.9703703703703703,0.9792537313432835,0.8902914140362849,0.9983604938271604,0.9703149545952134,1970.0077828050125,0.08563261013478041,1970.0934154151473
success,UNSW_2018_IoT_Botnet_Final_10_Best,QVE,FakeKolkataV2,full,0,10,2,456,0,255,474,0.012177777777777777,0.9826666666666667,0.9844444444444445,0.9831876017608394,0.9122696533514033,0.9983802469135803,0.984441936289757,2371.8365226609167,0.10135818994604051,2371.9378808508627
success,UNSW_2018_IoT_Botnet_Final_10_Best,QVE,FakeKolkataV2,full,0,10,3,789,1,255,474,0.012177777777777777,0.972,0.9548148148148148,0.9728415105367406,0.856473344277923,0.9966222222222222,0.9545731383939158,2406.680826128111,0.9978387489682063,2407.6786648770794
success,UNSW_2018_IoT_Botnet_Final_10_Best,QVE,FakeKolkataV2,full,0,10,4,1024,2,255,474,0.012177777777777777,0.98,0.9651851851851851,0.9803937377579427,0.8944235623669163,0.9976493827160493,0.9650075161224598,2314.750401308993,0.5742855980060995,2315.324686906999
success,UNSW_2018_IoT_Botnet_Final_10_Best,QVE,FakeKolkataV2,full,0,10,5,2048,0,255,474,0.012177777777777777,0.9893333333333333,0.9703703703703703,0.9893333333333333,0.9407407407407408,0.998558024691358,0.9700808162846314,2439.7717593780253,8.160194874042645,2447.931954252068
success,UNSW_2018_IoT_Botnet_Final_10_Best,QVE,FakeKolkataV2,full,0,10,6,3072,1,255,474,0.012177777777777777,0.976,0.9688888888888889,0.9767812655705033,0.878549153810988,0.9981827160493828,0.9688481133111974,2443.51817144698,0.06800680700689554,2443.586178253987
success,UNSW_2018_IoT_Botnet_Final_10_Best,QVE,FakeKolkataV2,full,0,10,7,4096,2,255,474,0.012177777777777777,0.9893333333333333,0.9822222222222223,0.9894560120414503,0.9425077459502471,0.9989333333333333,0.9821820001819833,2433.939957852941,0.5540428099920973,2434.494000662933
success,UNSW_2018_IoT_Botnet_Final_10_Best,QVE,FakeKolkataV2,full,0,10,8,5120,0,255,474,0.012177777777777777,0.9946666666666667,0.9851851851851852,0.9946666666666667,0.9703703703703703,0.9992296296296296,0.9851138932712549,2700.9649175041122,0.8627310289302841,2701.8276485330425
success,UNSW_2018_IoT_Botnet_Final_10_Best,QVE,FakeKolkataV2,full,0,10,9,6144,1,255,474,0.012177777777777777,0.984,0.9792592592592593,0.9843573732762361,0.9166025535446419,0.9989925925925925,0.9792413289107612,2756.499609548133,0.145266966894269,2756.644876515027
success,UNSW_2018_IoT_Botnet_Final_10_Best,QVE,FakeSherbrooke,full,0,10,0,42,2,731,474,0.04147699311023622,0.968,0.8874074074074074,0.9671928478085005,0.8149532216931372,0.9941333333333333,0.8816706924223711,2804.238964201999,1.2555166080128402,2805.4944808100117
success,UNSW_2018_IoT_Botnet_Final_10_Best,QVE,FakeSherbrooke,full,0,10,1,123,0,731,474,0.04147699311023622,0.964,0.8970370370370371,0.9638925180949732,0.7988299277780402,0.9822419753086421,0.8931232478233164,3471.1064118701033,0.16022903402335942,3471.2666409041267
success,UNSW_2018_IoT_Botnet_Final_10_Best,QVE,FakeSherbrooke,full,0,10,2,456,1,731,474,0.04147699311023622,0.9613333333333334,0.8896296296296297,0.9612178898057118,0.7839263843493454,0.9806222222222222,0.8851030490329402,3415.4825615950394,1.094196678022854,3416.5767582730623
success,UNSW_2018_IoT_Botnet_Final_10_Best,QVE,FakeSherbrooke,full,0,10,3,789,2,731,474,0.04147699311023622,0.952,0.8548148148148148,0.9514133667873982,0.7271938497768524,0.9784296296296296,0.8461386513355542,3527.737481704098,1.3478490740526468,3529.085330778151
success,UNSW_2018_IoT_Botnet_Final_10_Best,QVE,FakeSherbrooke,full,0,10,4,1024,0,731,474,0.04147699311023622,0.9573333333333334,0.845925925925926,0.9556662197535593,0.748250442921612,0.9794567901234568,0.8343845221863824,3518.937352044042,0.1593385060550645,3519.0966905500973
success,UNSW_2018_IoT_Botnet_Final_10_Best,QVE,FakeSherbrooke,full,0,10,5,2048,1,731,474,0.04147699311023622,0.9853333333333333,0.9325925925925926,0.9849138133483631,0.916202713664846,0.9936592592592592,0.9302594885564902,3392.954390650033,1.3248015510616824,3394.2791922010947
success,UNSW_2018_IoT_Botnet_Final_10_Best,QVE,FakeSherbrooke,full,0,10,6,3072,2,731,474,0.04147699311023622,0.9586666666666667,0.8881481481481481,0.958788212018714,0.7717440464760383,0.9796345679012345,0.8837629982280527,3582.3341759870527,0.9372711959294975,3583.2714471829822
success,UNSW_2018_IoT_Botnet_Final_10_Best,QVE,FakeSherbrooke,full,0,10,7,4096,0,731,474,0.04147699311023622,0.9693333333333334,0.894074074074074,0.9686618466279483,0.8234623245248271,0.9927506172839506,0.8891110833402756,2791.899320993107,0.15012767515145242,2792.0494486682583
success,UNSW_2018_IoT_Botnet_Final_10_Best,QVE,FakeSherbrooke,full,0,10,8,5120,1,731,474,0.04147699311023622,0.976,0.88,0.9745215311004785,0.8603834844182797,0.993758024691358,0.8717797887081347,3614.4624419090105,0.9516489639645442,3615.414090872975
success,UNSW_2018_IoT_Botnet_Final_10_Best,QVE,FakeSherbrooke,full,0,10,9,6144,2,731,474,0.04147699311023622,0.9586666666666667,0.8525925925925926,0.9571982091035475,0.7572401854185358,0.9871604938271604,0.8422192905255337,3602.6589656010037,1.3099328620592132,3603.968898463063
success,UNSW_2018_IoT_Botnet_Final_10_Best,QVE,ideal,full,3,10,0,42,0,197,372,,0.9946666666666667,0.9851851851851852,0.9946666666666667,0.9703703703703703,0.9988543209876544,0.9851138932712549,402.38715544110164,2.5307494030566886,404.91790484415833
success,UNSW_2018_IoT_Botnet_Final_10_Best,QVE,ideal,full,3,10,1,123,1,197,372,,0.9746666666666667,0.9503703703703703,0.9751654011600608,0.8659387355399445,0.9958123456790124,0.9498849832908621,404.96008879493456,1.428369428962469,406.38845822389703
success,UNSW_2018_IoT_Botnet_Final_10_Best,QVE,ideal,full,3,10,2,456,2,197,372,,0.976,0.9748148148148148,0.9768986417409085,0.8809292730814589,0.996958024691358,0.9748136890683583,398.66221249487717,3.361316634924151,402.0235291298013
success,UNSW_2018_IoT_Botnet_Final_10_Best,QVE,ideal,full,3,10,3,789,0,197,372,,0.9666666666666667,0.94,0.9676684649246913,0.8285751897411828,0.9943703703703703,0.9394087975364553,371.8678674249677,3.203733782051131,375.07160120701883
success,UNSW_2018_IoT_Botnet_Final_10_Best,QVE,ideal,full,3,10,4,1024,1,197,372,,0.9773333333333334,0.9459259259259258,0.9775303142786439,0.8764825995924929,0.9952000000000001,0.945110875982937,400.86333788908087,1.4969330680323765,402.36027095711324
success,UNSW_2018_IoT_Botnet_Final_10_Best,QVE,ideal,full,3,10,5,2048,2,197,372,,0.9893333333333333,0.9703703703703703,0.9893333333333333,0.9407407407407408,0.9964246913580247,0.9700808162846314,400.3575500220759,2.2667719001183286,402.6243219221942
success,UNSW_2018_IoT_Botnet_Final_10_Best,QVE,ideal,full,3,10,6,3072,0,197,372,,0.9733333333333334,0.9614814814814815,0.9742014061894481,0.8646700202594716,0.9972345679012345,0.9613673389989006,405.8707692649914,1.7332907719537616,407.60406003694516
success,UNSW_2018_IoT_Botnet_Final_10_Best,QVE,ideal,full,3,10,7,4096,1,197,372,,0.9866666666666667,0.9807407407407407,0.986893315018315,0.9293255422121506,0.9981234567901234,0.9807127667488568,405.5058394689113,1.832925685099326,407.3387651540106
success,UNSW_2018_IoT_Botnet_Final_10_Best,QVE,ideal,full,3,10,8,5120,2,197,372,,0.9893333333333333,0.9644444444444444,0.9892691508076122,0.9401356505202697,0.9971555555555556,0.9639425217227349,386.94678071304224,3.2875836599851027,390.23436437302735
success,UNSW_2018_IoT_Botnet_Final_10_Best,QVE,ideal,full,3,10,9,6144,0,197,372,,0.9773333333333334,0.9577777777777778,0.9777795694590019,0.8801811489534305,0.9972345679012345,0.957465790898422,194.82855846709572,0.0780498250387609,194.90660829213448
success,UNSW_2018_IoT_Botnet_Final_10_Best,QVE,FakeKolkataV2,full,3,10,0,42,1,249,372,0.012177777777777777,0.9946666666666667,0.9851851851851852,0.9946666666666667,0.9703703703703703,0.9995456790123457,0.9851138932712549,2213.9967802780448,0.08707142202183604,2214.0838517000666
success,UNSW_2018_IoT_Botnet_Final_10_Best,QVE,FakeKolkataV2,full,3,10,1,123,2,249,372,0.012177777777777777,0.9773333333333334,0.9637037037037037,0.9778987801274747,0.8822188255120347,0.9979061728395061,0.963553095527815,2212.7013247830328,0.8627193558495492,2213.5640441388823
success,UNSW_2018_IoT_Botnet_Final_10_Best,QVE,FakeKolkataV2,full,3,10,2,456,0,249,372,0.012177777777777777,0.9826666666666667,0.9844444444444445,0.9831876017608394,0.9122696533514033,0.9977086419753086,0.984441936289757,2496.057431121124,8.928824639879167,2504.986255761003
success,UNSW_2018_IoT_Botnet_Final_10_Best,QVE,FakeKolkataV2,full,3,10,3,789,1,249,372,0.012177777777777777,0.9693333333333334,0.9474074074074075,0.9702549877307158,0.8425242670095529,0.9960296296296296,0.9470108920332594,2387.4355337561574,9.729035281809047,2397.1645690379664
success,UNSW_2018_IoT_Botnet_Final_10_Best,QVE,FakeKolkataV2,full,3,10,4,1024,2,249,372,0.012177777777777777,0.9786666666666667,0.9585185185185185,0.9790293040293041,0.8863675048217584,0.9972938271604938,0.9581875895617327,2582.2802905060817,0.08985489583574235,2582.3701454019174
success,UNSW_2018_IoT_Botnet_Final_10_Best,QVE,FakeKolkataV2,full,3,10,5,2048,0,249,372,0.012177777777777777,0.9893333333333333,0.9703703703703703,0.9893333333333333,0.9407407407407408,0.9979654320987654,0.9700808162846314,2601.738725156989,1.1761484087910503,2602.91487356578
success,UNSW_2018_IoT_Botnet_Final_10_Best,QVE,FakeKolkataV2,full,3,10,6,3072,1,249,372,0.012177777777777777,0.976,0.9688888888888889,0.9767812655705033,0.878549153810988,0.9977283950617284,0.9688481133111974,2587.888118420029,0.17053729202598333,2588.058655712055
success,UNSW_2018_IoT_Botnet_Final_10_Best,QVE,FakeKolkataV2,full,3,10,7,4096,2,249,372,0.012177777777777777,0.9893333333333333,0.9822222222222223,0.9894560120414503,0.9425077459502471,0.998874074074074,0.9821820001819833,2199.2944961020257,0.8760391469113529,2200.170535248937
success,UNSW_2018_IoT_Botnet_Final_10_Best,QVE,FakeKolkataV2,full,3,10,8,5120,0,249,372,0.012177777777777777,0.992,0.9718518518518519,0.9919518631057093,0.9551298395237828,0.9989530864197531,0.9715254646148302,2765.6821125347633,8.724237311631441,2774.4063498463947
success,UNSW_2018_IoT_Botnet_Final_10_Best,QVE,FakeKolkataV2,full,3,10,9,6144,1,249,372,0.012177777777777777,0.9813333333333333,0.9718518518518519,0.9817502688222755,0.90243558981134,0.9988148148148148,0.9717795817753919,2787.1940405659843,0.24019583989866078,2787.434236405883
success,UNSW_2018_IoT_Botnet_Final_10_Best,QVE,FakeSherbrooke,full,3,10,0,42,2,509,390,0.04147699311023622,0.9693333333333334,0.894074074074074,0.9686618466279483,0.8234623245248271,0.9943308641975308,0.8891110833402756,2773.4977469502483,0.15271678077988327,2773.650463731028
success,UNSW_2018_IoT_Botnet_Final_10_Best,QVE,FakeSherbrooke,full,3,10,1,123,0,509,390,0.04147699311023622,0.9666666666666667,0.9103703703703703,0.966764687111866,0.8159278659307734,0.9823012345679013,0.9076465293396004,2915.964657996781,0.1470350392628461,2916.111693036044
success,UNSW_2018_IoT_Botnet_Final_10_Best,QVE,FakeSherbrooke,full,3,10,2,456,1,509,390,0.04147699311023622,0.9666666666666667,0.9162962962962964,0.9669563445274175,0.8182445531079418,0.9807407407407407,0.9141304982885291,2920.5499854150694,1.1158922058530152,2921.6658776209224
success,UNSW_2018_IoT_Botnet_Final_10_Best,QVE,FakeSherbrooke,full,3,10,3,789,2,509,390,0.04147699311023622,0.96,0.8948148148148148,0.9602334843042324,0.780464331009092,0.9785876543209876,0.8910972567501565,3325.2753469389863,0.8959289139602333,3326.1712758529466
success,UNSW_2018_IoT_Botnet_Final_10_Best,QVE,FakeSherbrooke,full,3,10,4,1024,0,509,390,0.04147699311023622,0.964,0.8792592592592592,0.9632117329980263,0.7925050942795329,0.9800098765432098,0.8728553965061318,3085.8452848962042,1.2530710368882865,3087.0983559330925
success,UNSW_2018_IoT_Botnet_Final_10_Best,QVE,FakeSherbrooke,full,3,10,5,2048,1,509,390,0.04147699311023622,0.9853333333333333,0.9385185185185185,0.9850121875177145,0.9163340152607099,0.9936987654320987,0.9366923681724927,3200.820114991162,1.3026350010186434,3202.1227499921806
success,UNSW_2018_IoT_Botnet_Final_10_Best,QVE,FakeSherbrooke,full,3,10,6,3072,2,509,390,0.04147699311023622,0.96,0.8948148148148148,0.9602334843042324,0.780464331009092,0.9798518518518518,0.8910972567501565,3282.5853926220443,0.967384893912822,3283.552777515957
success,UNSW_2018_IoT_Botnet_Final_10_Best,QVE,FakeSherbrooke,full,3,10,7,4096,0,509,390,0.04147699311023622,0.9693333333333334,0.894074074074074,0.9686618466279483,0.8234623245248271,0.9929086419753086,0.8891110833402756,3161.236990720732,1.1486688491422683,3162.3856595698744
success,UNSW_2018_IoT_Botnet_Final_10_Best,QVE,FakeSherbrooke,full,3,10,8,5120,1,509,390,0.04147699311023622,0.9773333333333334,0.8925925925925926,0.9761986161986161,0.8682692973566164,0.9937975308641975,0.8862850752257431,3339.29425012297,1.315726503962651,3340.6099766269326
success,UNSW_2018_IoT_Botnet_Final_10_Best,QVE,FakeSherbrooke,full,3,10,9,6144,2,509,390,0.04147699311023622,0.9613333333333334,0.865925925925926,0.9602273261002301,0.7750070899836198,0.987358024691358,0.8576741445745028,3306.0932689579204,1.2254870808683336,3307.3187560387887
success,UNSW_NB15,QSVC,ideal,full,0,10,0,42,0,237,474,,0.8626666666666667,0.8604372578172546,0.8637728203429401,0.7093425114194086,0.9413407390858878,0.8603997056010971,323.2585591590032,0.8376134659629315,324.09617262496613
success,UNSW_NB15,QSVC,ideal,full,0,10,1,123,1,237,474,,0.876,0.8804897965472347,0.877471232553037,0.7430857274532514,0.9550570453512469,0.8803409524670838,317.1784056171309,1.0896100958343595,318.2680157129653
success,UNSW_NB15,QSVC,ideal,full,0,10,2,456,2,237,474,,0.884,0.889156375906139,0.8853763143238088,0.7600113099153378,0.9532736559098367,0.8889619633383219,323.71164850587957,0.07015971513465047,323.7818082210142
success,UNSW_NB15,QSVC,ideal,full,0,10,3,789,0,237,474,,0.856,0.8648321765054812,0.8581705799719045,0.7078811263279913,0.9349736921168794,0.8642456106152941,324.6310262379702,0.06809671013616025,324.6991229481064
success,UNSW_NB15,QSVC,ideal,full,0,10,4,1024,1,237,474,,0.8506666666666667,0.8430309146515265,0.8513368493091439,0.6799296829066596,0.9214422728778436,0.8425811950210761,319.94868346117437,1.085856064222753,321.0345395253971
success,UNSW_NB15,QSVC,ideal,full,0,10,5,2048,2,237,474,,0.8866666666666667,0.8832322874376969,0.8872913204036419,0.7580580820743626,0.9607115069063008,0.8831454696395155,324.13024554913864,0.333349728025496,324.46359527716413
success,UNSW_NB15,QSVC,ideal,full,0,10,6,3072,0,237,474,,0.8733333333333333,0.874396228304663,0.8745728761946414,0.7342551114964845,0.9449152215948047,0.8743878290572134,321.1332760399673,1.0703131100162864,322.2035891499836
success,UNSW_NB15,QSVC,ideal,full,0,10,7,4096,1,237,474,,0.884,0.8915599072483418,0.8855375648031386,0.7625574108708372,0.9617206819249821,0.8911430860502217,326.9185332010966,0.3308549439534545,327.24938814505003
success,UNSW_NB15,QSVC,ideal,full,0,10,8,5120,2,237,474,,0.9,0.8984777634832716,0.900617278083111,0.7871713106156527,0.9506621266630203,0.8984609975840239,326.86182646499947,0.06396583002060652,326.9257922950201
success,UNSW_NB15,QSVC,ideal,full,0,10,9,6144,0,237,474,,0.868,0.863010268933587,0.8687275378818888,0.7180576304803931,0.9503655370582933,0.8628227041188254,529.072476522997,0.22190345404669642,529.2943799770437
success,UNSW_NB15,QSVC,FakeKolkataV2,full,0,10,0,42,1,251,474,0.012177777777777777,0.848,0.8449491175496306,0.8492697240486982,0.6784545037416592,0.9240576539377083,0.8448775024403461,1306.1583192190155,0.0559769319370389,1306.2142961509526
success,UNSW_NB15,QSVC,FakeKolkataV2,full,0,10,1,123,2,251,474,0.012177777777777777,0.8813333333333333,0.8886710474620404,0.8829062444537855,0.75693139707772,0.9557734825782495,0.8882770960342437,1306.7015285789967,0.03804153995588422,1306.7395701189525
success,UNSW_NB15,QSVC,FakeKolkataV2,full,0,10,2,456,0,251,474,0.012177777777777777,0.8733333333333333,0.8824079994453389,0.8751703122934967,0.7428483266514865,0.9571909497800615,0.8818011134643599,1685.4363124219235,0.09730199701152742,1685.533614418935
success,UNSW_NB15,QSVC,FakeKolkataV2,full,0,10,3,789,1,251,474,0.012177777777777777,0.8653333333333333,0.8737414200864346,0.8672863320172964,0.7260130251308797,0.9395072760748485,0.873215271889834,1707.00477132597,0.07137718796730042,1707.0761485139374
success,UNSW_NB15,QSVC,FakeKolkataV2,full,0,10,4,1024,2,251,474,0.012177777777777777,0.8653333333333333,0.8641272947176236,0.86649795939971,0.7157508136716556,0.9330362301535334,0.8641163522992696,1721.9723105540033,0.03960519703105092,1722.0119157510344
success,UNSW_NB15,QSVC,FakeKolkataV2,full,0,10,5,2048,0,251,474,0.012177777777777777,0.8866666666666667,0.8864369958939673,0.8875795119334942,0.7605101393590621,0.9649562048856396,0.8864366090555963,1605.0988656831905,0.06887455889955163,1605.16774024209
success,UNSW_NB15,QSVC,FakeKolkataV2,full,0,10,6,3072,1,251,474,0.012177777777777777,0.8826666666666667,0.8857090032278193,0.8839099244185902,0.7552088980608882,0.9501613909667281,0.8856410662894245,1520.2059663780965,0.15419734292663634,1520.3601637210231
success,UNSW_NB15,QSVC,FakeKolkataV2,full,0,10,7,4096,2,251,474,0.012177777777777777,0.888,0.8978961397129629,0.8896020860495437,0.773246827694516,0.9684690583857822,0.8971868184658804,1621.3848025160842,0.038413512986153364,1621.4232160290703
success,UNSW_NB15,QSVC,FakeKolkataV2,full,0,10,8,5120,0,251,474,0.012177777777777777,0.8973333333333333,0.8955889036969702,0.8979670721653275,0.7814645240580053,0.9513554530117326,0.8955668150341624,1946.4398397170007,0.07019620388746262,1946.5100359208882
success,UNSW_NB15,QSVC,FakeKolkataV2,full,0,10,9,6144,1,251,474,0.012177777777777777,0.8666666666666667,0.8627676047115378,0.867532928064843,0.7161623921972224,0.9518600405210732,0.8626530478420881,1906.5685863590334,0.15445763804018497,1906.7230439970735
success,UNSW_NB15,QSVC,FakeSherbrooke,full,0,10,0,42,2,727,474,0.04147699311023622,0.6386666666666667,0.5,0.49783780851640896,0.0,0.45535748676902216,0.0,1959.0765085630119,0.04028234607540071,1959.1167909090873
success,UNSW_NB15,QSVC,FakeSherbrooke,full,0,10,1,123,0,727,474,0.04147699311023622,0.6386666666666667,0.5,0.49783780851640896,0.0,0.7783397145036168,0.0,2614.0104035800323,0.036921889055520296,2614.047325469088
success,UNSW_NB15,QSVC,FakeSherbrooke,full,0,10,2,456,1,727,474,0.04147699311023622,0.6386666666666667,0.5,0.49783780851640896,0.0,0.3347687756627044,0.0,2566.930504088057,0.07403065986000001,2567.004534747917
success,UNSW_NB15,QSVC,FakeSherbrooke,full,0,10,3,789,2,727,474,0.04147699311023622,0.6386666666666667,0.5,0.49783780851640896,0.0,0.5255760386413885,0.0,2569.8311465689912,0.08308031503111124,2569.9142268840224
success,UNSW_NB15,QSVC,FakeSherbrooke,full,0,10,4,1024,0,727,474,0.04147699311023622,0.6386666666666667,0.5,0.49783780851640896,0.0,0.43333281975826016,0.0,2599.5136399280746,0.05025551002472639,2599.5638954380993
success,UNSW_NB15,QSVC,FakeSherbrooke,full,0,10,5,2048,1,727,474,0.04147699311023622,0.6386666666666667,0.5,0.49783780851640896,0.0,0.7265366808156599,0.0,2521.8391775928903,0.16385200107470155,2522.003029593965
success,UNSW_NB15,QSVC,FakeSherbrooke,full,0,10,6,3072,2,727,474,0.04147699311023622,0.6386666666666667,0.5,0.49783780851640896,0.0,0.45214122287360664,0.0,2603.880508597009,0.039926344994455576,2603.9204349420033
success,UNSW_NB15,QSVC,FakeSherbrooke,full,0,10,7,4096,0,727,474,0.04147699311023622,0.6386666666666667,0.5,0.49783780851640896,0.0,0.3572826229306134,0.0,2606.630136442138,0.03680977481417358,2606.666946216952
success,UNSW_NB15,QSVC,FakeSherbrooke,full,0,10,8,5120,1,727,474,0.04147699311023622,0.6386666666666667,0.5,0.49783780851640896,0.0,0.4708725897279849,0.0,2590.5157849059906,0.12497480399906635,2590.6407597099897
success,UNSW_NB15,QSVC,FakeSherbrooke,full,0,10,9,6144,2,727,474,0.04147699311023622,0.6386666666666667,0.5,0.49783780851640896,0.0,0.5092212404378741,0.0,2599.4049014800694,0.07869744207710028,2599.4835989221465
success,UNSW_NB15,QSVC,ideal,full,3,10,0,42,0,195,372,,0.8626666666666667,0.8604372578172546,0.8637728203429401,0.7093425114194086,0.9414948116078239,0.8603997056010971,335.37065032008104,0.35216358699835837,335.7228139070794
success,UNSW_NB15,QSVC,ideal,full,3,10,1,123,1,195,372,,0.876,0.8804897965472347,0.877471232553037,0.7430857274532514,0.9550955634817309,0.8803409524670838,327.9169251790736,1.1295554819516838,329.04648066102527
success,UNSW_NB15,QSVC,ideal,full,3,10,2,456,2,195,372,,0.884,0.889156375906139,0.8853763143238088,0.7600113099153378,0.9533352849186112,0.8889619633383219,335.3747329739854,0.06578133604489267,335.44051431003027
success,UNSW_NB15,QSVC,ideal,full,3,10,3,789,0,195,372,,0.8346666666666667,0.8353118813025291,0.8365876898673212,0.6551794834124297,0.9209107226771642,0.8353086414408792,329.84874925087206,0.09699691808782518,329.9457461689599
success,UNSW_NB15,QSVC,ideal,full,3,10,4,1024,1,195,372,,0.8706666666666667,0.866700305833956,0.8714650129874904,0.7243966584815312,0.9309793619856866,0.8665822979778808,328.8611067580059,1.3616121830418706,330.2227189410478
success,UNSW_NB15,QSVC,ideal,full,3,10,5,2048,2,195,372,,0.8866666666666667,0.8832322874376969,0.8872913204036419,0.7580580820743626,0.9607731359150752,0.8831454696395155,329.85229857219383,0.37423819093964994,330.2265367631335
success,UNSW_NB15,QSVC,ideal,full,3,10,6,3072,0,195,372,,0.8826666666666667,0.8857090032278193,0.8839099244185902,0.7552088980608882,0.9495759153833709,0.8856410662894245,327.0099005328957,1.0730487031396478,328.08294923603535
success,UNSW_NB15,QSVC,ideal,full,3,10,7,4096,1,195,372,,0.884,0.8915599072483418,0.8855375648031386,0.7625574108708372,0.9617052746727885,0.8911430860502217,332.9047602300998,0.06743534188717604,332.97219557198696
success,UNSW_NB15,QSVC,ideal,full,3,10,8,5120,2,195,372,,0.9,0.8984777634832716,0.900617278083111,0.7871713106156527,0.9505696831498585,0.8984609975840239,332.9650673989672,0.32986621116288006,333.2949336101301
success,UNSW_NB15,QSVC,ideal,full,3,10,9,6144,0,195,372,,0.868,0.863010268933587,0.8687275378818888,0.7180576304803931,0.9503616852452448,0.8628227041188254,561.8300345311873,0.048620708053931594,561.8786552392412
success,UNSW_NB15,QSVC,FakeKolkataV2,full,3,10,0,42,1,245,372,0.012177777777777777,0.852,0.8464782873298462,0.8529135715630044,0.6844491525779994,0.9272739178331241,0.8462441030570778,1289.948997742962,0.047477039974182844,1289.9964747829363
success,UNSW_NB15,QSVC,FakeKolkataV2,full,3,10,1,123,2,245,372,0.012177777777777777,0.8773333333333333,0.8831359921114869,0.8788762063053553,0.7471759682739544,0.9560585167438314,0.882888105370714,1290.8924491021316,0.038164308993145823,1290.9306134111248
success,UNSW_NB15,QSVC,FakeKolkataV2,full,3,10,2,456,0,245,372,0.012177777777777777,0.8813333333333333,0.8878698703479728,0.8828531499227164,0.7560562198383146,0.9545563096549545,0.8875569826253182,1628.1795411868952,0.1081940250005573,1628.2877352118958
success,UNSW_NB15,QSVC,FakeKolkataV2,full,3,10,3,789,1,245,372,0.012177777777777777,0.8626666666666667,0.8708525603001334,0.8646583385918963,0.7204012579573441,0.9369958939672904,0.8703522053461507,1651.304947507102,0.038164593977853656,1651.34311210108
success,UNSW_NB15,QSVC,FakeKolkataV2,full,3,10,4,1024,2,245,372,0.012177777777777777,0.8546666666666667,0.8477647928880123,0.8553691215024549,0.6888360728533058,0.9204176906069687,0.847399435324019,1647.1608671229333,0.048495177179574966,1647.2093623001128
success,UNSW_NB15,QSVC,FakeKolkataV2,full,3,10,5,2048,0,245,372,0.012177777777777777,0.888,0.8882820143441518,0.8889355861411461,0.7636827229041142,0.96329222164873,0.8882814322978533,1641.5300921290182,0.0919600238557905,1641.622052152874
success,UNSW_NB15,QSVC,FakeKolkataV2,full,3,10,6,3072,1,245,372,0.012177777777777777,0.88,0.8828201434415179,0.8812715136099217,0.7495525804805167,0.9494488055527738,0.8827615767851938,1615.69286765391,0.13590337196365,1615.8287710258737
success,UNSW_NB15,QSVC,FakeKolkataV2,full,3,10,7,4096,2,245,372,0.012177777777777777,0.8853333333333333,0.8942061028125938,0.8869267812388113,0.7667118259117741,0.9653028680599957,0.893633589382678,1691.9024507480208,0.06172562204301357,1691.9641763700638
success,UNSW_NB15,QSVC,FakeKolkataV2,full,3,10,8,5120,0,245,372,0.012177777777777777,0.896,0.8929427081327181,0.8965381660773076,0.777790662928742,0.9530194362486423,0.8928746574295472,1891.1692130339798,0.06090903514996171,1891.2301220691297
success,UNSW_NB15,QSVC,FakeKolkataV2,full,3,10,9,6144,1,245,372,0.012177777777777777,0.8653333333333333,0.8641272947176236,0.86649795939971,0.7157508136716556,0.9455931406913233,0.8641163522992696,1889.6687808288261,0.06465719710104167,1889.7334380259272
success,UNSW_NB15,QSVC,FakeSherbrooke,full,3,10,0,42,2,505,390,0.04147699311023622,0.6386666666666667,0.5,0.49783780851640896,0.0,0.8286097265983099,0.0,1936.7019772888161,0.06312975287437439,1936.7651070416905
success,UNSW_NB15,QSVC,FakeSherbrooke,full,3,10,1,123,0,505,390,0.04147699311023622,0.6386666666666667,0.5,0.49783780851640896,0.0,0.7904806292321795,0.0,2458.9916465121787,0.035354007966816425,2459.0270005201455
success,UNSW_NB15,QSVC,FakeSherbrooke,full,3,10,2,456,1,505,390,0.04147699311023622,0.6386666666666667,0.5,0.49783780851640896,0.0,0.8376614872620542,0.0,2448.6319991210476,0.20151852001436055,2448.833517641062
success,UNSW_NB15,QSVC,FakeSherbrooke,full,3,10,3,789,2,505,390,0.04147699311023622,0.6386666666666667,0.5,0.49783780851640896,0.0,0.703487431534023,0.0,2461.6057518308517,0.039902457036077976,2461.6456542878877
success,UNSW_NB15,QSVC,FakeSherbrooke,full,3,10,4,1024,0,505,390,0.04147699311023622,0.6386666666666667,0.5,0.49783780851640896,0.0,0.7588919104222357,0.0,2467.011122570839,0.1121689910069108,2467.1232915618457
success,UNSW_NB15,QSVC,FakeSherbrooke,full,3,10,5,2048,1,505,390,0.04147699311023622,0.6386666666666667,0.5,0.49783780851640896,0.0,0.7622044696438613,0.0,2535.846431398997,0.05219708988443017,2535.8986284888815
success,UNSW_NB15,QSVC,FakeSherbrooke,full,3,10,6,3072,2,505,390,0.04147699311023622,0.6386666666666667,0.5,0.49783780851640896,0.0,0.8352001787241254,0.0,2507.37594361417,0.07884655799716711,2507.454790172167
success,UNSW_NB15,QSVC,FakeSherbrooke,full,3,10,7,4096,0,505,390,0.04147699311023622,0.6386666666666667,0.5,0.49783780851640896,0.0,0.8684875470884145,0.0,2460.937306317035,0.03952781087718904,2460.9768341279123
success,UNSW_NB15,QSVC,FakeSherbrooke,full,3,10,8,5120,1,505,390,0.04147699311023622,0.6386666666666667,0.5,0.49783780851640896,0.0,0.7666995354713463,0.0,2443.7852030019276,0.1902964529581368,2443.9754994548857
success,UNSW_NB15,QSVC,FakeSherbrooke,full,3,10,9,6144,2,505,390,0.04147699311023622,0.6386666666666667,0.5,0.49783780851640896,0.0,0.8567549245429824,0.0,2459.8419087689836,0.03767451806925237,2459.879583287053
success,UNSW_NB15,QVE,ideal,full,0,10,0,42,0,239,474,,0.872,0.8477147193183832,0.8699100838201675,0.7185758506864108,0.9430547958924266,0.8431798415651467,402.3234933069907,1.4750796479638666,403.7985729549546
success,UNSW_NB15,QVE,ideal,full,0,10,1,123,1,239,474,,0.8946666666666667,0.890296512568466,0.8951025292904913,0.7741579675171772,0.9638622899798935,0.8901570496631713,386.888807161944,3.359899525064975,390.24870668700896
success,UNSW_NB15,QVE,ideal,full,0,10,2,456,2,239,474,,0.8906666666666667,0.8767496860772366,0.8901052194774038,0.7612804355367624,0.9596792210093291,0.8753124225576348,401.73752026981674,1.4035766299348325,403.1410968997516
success,UNSW_NB15,QVE,ideal,full,0,10,3,789,0,239,474,,0.8773333333333333,0.8647089184879323,0.8770285089077435,0.7330523242763093,0.9431742020969272,0.8635099172342088,389.1443578579929,2.936398472636938,392.0807563306298
success,UNSW_NB15,QVE,ideal,full,0,10,4,1024,1,239,474,,0.864,0.8438552026438845,0.8626496075353219,0.7015190372859328,0.9387985424739425,0.8407231399264816,402.81198037974536,1.4411395802162588,404.2531199599616
success,UNSW_NB15,QVE,ideal,full,0,10,5,2048,2,239,474,,0.8973333333333333,0.87235476738901,0.8952391753030475,0.7758427865810785,0.9659268617738371,0.867692794537805,401.58549537928775,3.0245290237944573,404.6100244030822
success,UNSW_NB15,QVE,ideal,full,0,10,6,3072,0,239,474,,0.892,0.8729864647289479,0.8907621283285878,0.7632954051725575,0.9517329306904762,0.8702902450249299,389.254286846146,3.706613406073302,392.9609002522193
success,UNSW_NB15,QVE,ideal,full,0,10,7,4096,1,239,474,,0.9133333333333333,0.9009044057037647,0.912848588914695,0.8108318922626498,0.9699481545963686,0.8997890243105261,397.94398551713675,1.9297270909883082,399.87371260812506
success,UNSW_NB15,QVE,ideal,full,0,10,8,5120,2,239,474,,0.8706666666666667,0.8410626381837931,0.8675508115985728,0.7159779765735237,0.9585737506644377,0.8342612320741225,397.783562855795,2.7832468221895397,400.56680967798457
success,UNSW_NB15,QVE,ideal,full,0,10,9,6144,0,239,474,,0.8906666666666667,0.867936737822493,0.8888815299297267,0.7603660118210099,0.9577302036068377,0.8640584026393915,192.14850010816008,0.07353951409459114,192.22203962225467
success,UNSW_NB15,QVE,FakeKolkataV2,full,0,10,0,42,1,255,474,0.012177777777777777,0.8706666666666667,0.8466708779822663,0.8686275127093415,0.7156098325077895,0.941698957699389,0.842238266909005,1837.4439619069453,8.028651405358687,1845.472613312304
success,UNSW_NB15,QVE,FakeKolkataV2,full,0,10,1,123,2,255,474,0.012177777777777777,0.9053333333333333,0.8962437119151985,0.9052176452455922,0.7944267604307081,0.9654338297036414,0.8956442292898313,1844.4230405199341,0.6211104257963598,1845.0441509457305
success,UNSW_NB15,QVE,FakeKolkataV2,full,0,10,2,456,0,255,474,0.012177777777777777,0.8893333333333333,0.8765070218551871,0.8889139942039783,0.7587433912679025,0.961682163794498,0.8752860191543873,2381.523185154889,1.6709861308336258,2383.1941712857224
success,UNSW_NB15,QVE,FakeKolkataV2,full,0,10,3,789,1,255,474,0.012177777777777777,0.8746666666666667,0.8602177044734958,0.8741361047246216,0.7265621486425514,0.9420263618085033,0.8586385318295533,2391.2707913650665,0.16025984287261963,2391.431051207939
success,UNSW_NB15,QVE,FakeKolkataV2,full,0,10,4,1024,2,255,474,0.012177777777777777,0.864,0.8438552026438845,0.8626496075353219,0.7015190372859328,0.9374889260374859,0.8407231399264816,2420.106414996786,1.2237109770067036,2421.3301259737927
success,UNSW_NB15,QVE,FakeKolkataV2,full,0,10,5,2048,0,255,474,0.012177777777777777,0.8986666666666666,0.8733986087251269,0.8965386666666667,0.7789659789443352,0.9707339244582425,0.868633383209135,2222.8312842338346,8.346361927920952,2231.1776461617555
success,UNSW_NB15,QVE,FakeKolkataV2,full,0,10,6,3072,1,255,474,0.012177777777777777,0.892,0.8673782249304748,0.8899254582833989,0.7636369544748095,0.9538321688018551,0.8628227041188256,2373.4758226149715,0.15185110294260085,2373.627673717914
success,UNSW_NB15,QVE,FakeKolkataV2,full,0,10,7,4096,2,255,474,0.012177777777777777,0.9133333333333333,0.9001032285896972,0.9127679737478653,0.8107202046512277,0.9709265151106626,0.8988381852570562,2440.7083964548074,0.14875963074155152,2440.857156085549
success,UNSW_NB15,QVE,FakeKolkataV2,full,0,10,8,5120,0,255,474,0.012177777777777777,0.8786666666666667,0.8553374573411705,0.8767536459438152,0.7334996807683007,0.9560392576785893,0.8511909506123724,2601.53335578111,0.12932569882832468,2601.6626814799383
success,UNSW_NB15,QVE,FakeKolkataV2,full,0,10,9,6144,1,255,474,0.012177777777777777,0.88,0.8563812986772874,0.8780407035814072,0.7364859197440962,0.9539015014367263,0.85213619349176,2689.01570703811,0.9188176470343024,2689.9345246851444
success,UNSW_NB15,QVE,FakeSherbrooke,full,0,10,0,42,2,731,474,0.04147699311023622,0.82,0.7509225092250922,0.8012636141089938,0.6257032054930132,0.8904082151468696,0.708410204930861,2927.4668553459924,0.9792352207005024,2928.446090566693
success,UNSW_NB15,QVE,FakeSherbrooke,full,0,10,1,123,0,731,474,0.04147699311023622,0.848,0.7896678966789668,0.8358390988980332,0.6840779481566528,0.9363372339360136,0.7611411126446486,3085.265537003055,1.8613634230569005,3087.126900426112
success,UNSW_NB15,QVE,FakeSherbrooke,full,0,10,2,456,1,731,474,0.04147699311023622,0.8426666666666667,0.7822878228782288,0.8294005985363915,0.6730412168608544,0.9274934711768831,0.7513824896525455,3001.070974996779,0.35089039988815784,3001.4218653966673
success,UNSW_NB15,QVE,FakeSherbrooke,full,0,10,3,789,2,731,474,0.04147699311023622,0.832,0.7675276752767528,0.8163215299460687,0.6508627623369674,0.92321025506706,0.731474777797229,3452.602574298857,1.3053991140332073,3453.90797341289
success,UNSW_NB15,QVE,FakeSherbrooke,full,0,10,4,1024,0,731,474,0.04147699311023622,0.8346666666666667,0.7712177121771218,0.819617354594687,0.6564219917753917,0.9224514478965249,0.736502155023489,3428.800273645902,0.1510677409823984,3428.9513413868845
success,UNSW_NB15,QVE,FakeSherbrooke,full,0,10,5,2048,1,731,474,0.04147699311023622,0.836,0.7730627306273063,0.8212586507233867,0.659197760622385,0.9258988205748446,0.7390030184340336,3336.99735612981,1.570362445898354,3338.5677185757086
success,UNSW_NB15,QVE,FakeSherbrooke,full,0,10,6,3072,2,731,474,0.04147699311023622,0.8493333333333334,0.7915129151291513,0.8374386223797989,0.686832443341089,0.9157300341270637,0.7635612812723696,3507.8872141889296,0.9071572269313037,3508.794371415861
success,UNSW_NB15,QVE,FakeSherbrooke,full,0,10,7,4096,0,731,474,0.04147699311023622,0.8466666666666667,0.7878228782287823,0.8342355728901799,0.6813216475692079,0.9370652266021617,0.7587132241219765,3556.654997373931,0.885971596930176,3557.5409689708613
success,UNSW_NB15,QVE,FakeSherbrooke,full,0,10,8,5120,1,731,474,0.04147699311023622,0.84,0.780200140205995,0.8268565583444804,0.6648541961815491,0.9182991934303478,0.749812200601481,3648.032402953133,0.8924246469978243,3648.924827600131
success,UNSW_NB15,QVE,FakeSherbrooke,full,0,10,9,6144,2,731,474,0.04147699311023622,0.816,0.7453874538745388,0.796158199031582,0.6172574633263691,0.919797548706176,0.7005532868733666,3494.6196424502414,1.3330774640198797,3495.9527199142613
success,UNSW_NB15,QVE,ideal,full,3,10,0,42,0,197,372,,0.872,0.8477147193183832,0.8699100838201675,0.7185758506864108,0.9430856103968139,0.8431798415651467,405.36143663618714,1.771316987928003,407.13275362411514
success,UNSW_NB15,QVE,ideal,full,3,10,1,123,1,197,372,,0.8946666666666667,0.890296512568466,0.8951025292904913,0.7741579675171772,0.9638622899798935,0.8901570496631713,405.48501161206514,1.6382145381066948,407.12322615017183
success,UNSW_NB15,QVE,ideal,full,3,10,2,456,2,197,372,,0.8906666666666667,0.8783520403053717,0.8903004164049595,0.7617915012516845,0.9606575815236232,0.8772289427862727,392.8285720241256,3.4487811867147684,396.2773532108404
success,UNSW_NB15,QVE,ideal,full,3,10,3,789,0,197,372,,0.8773333333333333,0.8647089184879323,0.8770285089077435,0.7330523242763093,0.9431626466577819,0.8635099172342088,406.14804279222153,1.8108663922175765,407.9589091844391
success,UNSW_NB15,QVE,ideal,full,3,10,4,1024,1,197,372,,0.864,0.8438552026438845,0.8626496075353219,0.7015190372859328,0.9387985424739425,0.8407231399264816,397.23529500188306,2.9150513459462672,400.1503463478293
success,UNSW_NB15,QVE,ideal,full,3,10,5,2048,2,197,372,,0.896,0.8729132802810282,0.8941836950557097,0.7724185623977375,0.9660809342957731,0.868934865798312,405.0579564040527,2.918732993071899,407.9766893971246
success,UNSW_NB15,QVE,ideal,full,3,10,6,3072,0,197,372,,0.888,0.868252586492462,0.8866579693703914,0.7543961657978441,0.9551263779861181,0.8653279474334145,391.79753374517895,3.21321038226597,395.0107441274449
success,UNSW_NB15,QVE,ideal,full,3,10,7,4096,1,197,372,,0.9133333333333333,0.9009044057037647,0.912848588914695,0.8108318922626498,0.9699327473441749,0.8997890243105261,409.2526455121115,1.95630279998295,411.20894831209444
success,UNSW_NB15,QVE,ideal,full,3,10,8,5120,2,197,372,,0.884,0.861916354027841,0.8822994069797122,0.7454180366876123,0.9588433775778259,0.8582302129193551,409.57050161994994,1.6077707761432976,411.17827239609323
success,UNSW_NB15,QVE,ideal,full,3,10,9,6144,0,197,372,,0.888,0.8674514093783945,0.8865396800340961,0.7543540022039238,0.9570137663798349,0.8642812646798362,197.0590833448805,1.1630433397367597,198.22212668461725
success,UNSW_NB15,QVE,FakeKolkataV2,full,3,10,0,42,1,249,372,0.012177777777777777,0.8626666666666667,0.8428113613077676,0.8613718439108677,0.6986868958999167,0.9282946482909505,0.8397650505668894,1939.6857903480995,0.16566222184337676,1939.851452569943
success,UNSW_NB15,QVE,FakeKolkataV2,full,3,10,1,123,2,249,372,0.012177777777777777,0.8946666666666667,0.890296512568466,0.8951025292904913,0.7741579675171772,0.9638237718494095,0.8901570496631713,1959.1250453130342,0.867486170027405,1959.9925314830616
success,UNSW_NB15,QVE,FakeKolkataV2,full,3,10,2,456,0,249,372,0.012177777777777777,0.8893333333333333,0.8765070218551871,0.8889139942039783,0.7587433912679025,0.9612661679852705,0.8752860191543873,2472.058514558943,0.21111485129222274,2472.269629410235
success,UNSW_NB15,QVE,FakeKolkataV2,full,3,10,3,789,1,249,372,0.012177777777777777,0.8746666666666667,0.8602177044734958,0.8741361047246216,0.7265621486425514,0.9422921369088431,0.8586385318295533,2457.707641581772,8.699253704864532,2466.4068952866364
success,UNSW_NB15,QVE,FakeKolkataV2,full,3,10,4,1024,2,249,372,0.012177777777777777,0.8666666666666667,0.8451417082020507,0.8650690111552279,0.7070516022835188,0.9383979539169086,0.8415702994021064,2493.369259405881,0.868789543164894,2494.238048949046
success,UNSW_NB15,QVE,FakeKolkataV2,full,3,10,5,2048,0,249,372,0.012177777777777777,0.896,0.8697085718247579,0.8936890556236925,0.7731756083719391,0.9661271560523538,0.8645263465689761,2481.601456457982,0.15567643498070538,2481.7571328929625
success,UNSW_NB15,QVE,FakeKolkataV2,full,3,10,6,3072,1,249,372,0.012177777777777777,0.888,0.868252586492462,0.8866579693703914,0.7543961657978441,0.9549183800815043,0.8653279474334145,2464.395291398978,0.15132129099220037,2464.54661268997
success,UNSW_NB15,QVE,FakeKolkataV2,full,3,10,7,4096,2,249,372,0.012177777777777777,0.9146666666666666,0.9027494241539493,0.9142284639823641,0.8138168878772266,0.9705259265536288,0.9017261396297329,2494.540753257228,0.08769577834755182,2494.6284490355756
success,UNSW_NB15,QVE,FakeKolkataV2,full,3,10,8,5120,0,249,372,0.012177777777777777,0.8786666666666667,0.8553374573411705,0.8767536459438152,0.7334996807683007,0.9562934773397839,0.8511909506123724,2738.985304655973,1.2384569789282978,2740.223761634901
success,UNSW_NB15,QVE,FakeKolkataV2,full,3,10,9,6144,1,249,372,0.012177777777777777,0.8786666666666667,0.8553374573411705,0.8767536459438152,0.7334996807683007,0.9543020899937601,0.8511909506123724,2609.6452763222624,1.3022876000031829,2610.9475639222655
success,UNSW_NB15,QVE,FakeSherbrooke,full,3,10,0,42,2,509,390,0.04147699311023622,0.824,0.7564575645756457,0.8063251734168718,0.6341177445991374,0.8907202120037903,0.7161809332503146,2780.7392674009316,0.10825657821260393,2780.847523979144
success,UNSW_NB15,QVE,FakeSherbrooke,full,3,10,1,123,0,509,390,0.04147699311023622,0.86,0.8062730627306274,0.8500951712587534,0.7088114618997402,0.9344344382901032,0.782653260046398,3449.2029544471297,0.13720527500845492,3449.340159722138
success,UNSW_NB15,QVE,FakeSherbrooke,full,3,10,2,456,1,509,390,0.04147699311023622,0.8626666666666667,0.8099630996309963,0.8532218469846572,0.7142927791226028,0.9269002919674291,0.7873539224910184,3254.290362271946,13.882170932134613,3268.1725332040805
success,UNSW_NB15,QVE,FakeSherbrooke,full,3,10,3,789,2,509,390,0.04147699311023622,0.8346666666666667,0.7712177121771218,0.819617354594687,0.6564219917753917,0.9232487731975441,0.736502155023489,3491.282428519102,1.0022398908622563,3492.284668409964
success,UNSW_NB15,QVE,FakeSherbrooke,full,3,10,4,1024,0,509,390,0.04147699311023622,0.852,0.7952029520295203,0.8406258120107045,0.6923362904384707,0.9222280427397176,0.7683787503952986,3230.830955154961,1.1899499439168721,3232.020905098878
success,UNSW_NB15,QVE,FakeSherbrooke,full,3,10,5,2048,1,509,390,0.04147699311023622,0.8453333333333334,0.7859778597785978,0.8326280063996643,0.6785634723417294,0.9257832661833926,0.7562775413544922,3156.936020740075,1.218819382833317,3158.1548401229084
success,UNSW_NB15,QVE,FakeSherbrooke,full,3,10,6,3072,2,509,390,0.04147699311023622,0.8506666666666667,0.7933579335793358,0.8390341809751504,0.6895852015533395,0.9188654099484627,0.7659738031804166,3311.9094507941045,0.10586822987534106,3312.01531902398
success,UNSW_NB15,QVE,FakeSherbrooke,full,3,10,7,4096,0,509,390,0.04147699311023622,0.856,0.8007380073800738,0.8453775084081929,0.7005802062093863,0.9371461146761781,0.7755488474365413,3288.2807455062866,0.17436709813773632,3288.4551126044244
success,UNSW_NB15,QVE,FakeSherbrooke,full,3,10,8,5120,1,509,390,0.04147699311023622,0.8466666666666667,0.7894252324569175,0.8348825980291084,0.6787858672174673,0.9179217157516044,0.7619655401733813,3306.3953053031582,1.154484237311408,3307.5497895404696
success,UNSW_NB15,QVE,FakeSherbrooke,full,3,10,9,6144,2,509,390,0.04147699311023622,0.832,0.7675276752767528,0.8163215299460687,0.6508627623369674,0.9203290989068554,0.731474777797229,3318.341859401902,0.9905304491985589,3319.3323898511007
