dataset,config,optimization_level,optimization_name,optimization_description,run,seed,gpu_id,circuit_depth,total_gates,two_qubit_gates,accuracy,f1_score,mcc,training_time
IoT_Original_Distribution,10q_2p5k,0,L0,baseline_unoptimized,1,42,0,237,604,474,0.9653333333333334,0.9632983245811453,0.7794961438160072,315.0826387030538
IoT_Original_Distribution,10q_2p5k,0,L0,baseline_unoptimized,2,123,1,237,604,474,0.96,0.9579815623483746,0.7458596868881692,303.4683534419164
IoT_Original_Distribution,10q_2p5k,0,L0,baseline_unoptimized,3,456,2,237,604,474,0.9506666666666667,0.9475619793234971,0.6806066193300515,314.4039020331111
IoT_Original_Distribution,10q_2p5k,0,L0,baseline_unoptimized,4,789,0,237,604,474,0.9666666666666667,0.9656311975272157,0.7932418273770223,286.7012163409963
IoT_Original_Distribution,10q_2p5k,0,L0,baseline_unoptimized,5,1024,1,237,604,474,0.9613333333333334,0.9592242424242425,0.7537090914028731,320.5078656869009
IoT_Original_Distribution,10q_2p5k,0,L0,baseline_unoptimized,6,2048,2,237,604,474,0.9666666666666667,0.9642792217780681,0.7872629194402451,322.42219992005266
IoT_Original_Distribution,10q_2p5k,0,L0,baseline_unoptimized,7,3072,0,237,604,474,0.9586666666666667,0.9553338728684811,0.7312919607677735,263.77699532709084
IoT_Original_Distribution,10q_2p5k,0,L0,baseline_unoptimized,8,4096,1,237,604,474,0.9573333333333334,0.9532894824264169,0.7202954698055284,311.7491695561912
IoT_Original_Distribution,10q_2p5k,0,L0,baseline_unoptimized,9,5120,2,237,604,474,0.96,0.9569565217391305,0.7411188857944132,314.7521579100285
IoT_Original_Distribution,10q_2p5k,0,L0,baseline_unoptimized,10,6144,0,237,604,474,0.9533333333333334,0.9482123298305163,0.6897892465381865,146.40804869495332
IoT_Original_Distribution,10q_2p5k,1,L1,qiskit_light,1,42,0,225,562,432,0.9666666666666667,0.9648484848484848,0.7888743678291347,303.1552190480288
IoT_Original_Distribution,10q_2p5k,1,L1,qiskit_light,2,123,1,225,562,432,0.9573333333333334,0.9548287071767942,0.7263003196247418,309.57842717692256
IoT_Original_Distribution,10q_2p5k,1,L1,qiskit_light,3,456,2,225,562,432,0.9546666666666667,0.9530885270447316,0.7163470439122962,309.6458549851086
IoT_Original_Distribution,10q_2p5k,1,L1,qiskit_light,4,789,0,225,562,432,0.96,0.9576519129782446,0.7440322610218303,285.79891890101135
IoT_Original_Distribution,10q_2p5k,1,L1,qiskit_light,5,1024,1,225,562,432,0.96,0.9569565217391305,0.7411188857944132,310.7077162989881
IoT_Original_Distribution,10q_2p5k,1,L1,qiskit_light,6,2048,2,225,562,432,0.9613333333333334,0.9578542867913801,0.7491565551507513,311.628427245887
IoT_Original_Distribution,10q_2p5k,1,L1,qiskit_light,7,3072,0,225,562,432,0.964,0.9620363636363636,0.7712917296160039,270.48649917100556
IoT_Original_Distribution,10q_2p5k,1,L1,qiskit_light,8,4096,1,225,562,432,0.9586666666666667,0.9549476858804409,0.7302448279086421,297.8280995930545
IoT_Original_Distribution,10q_2p5k,1,L1,qiskit_light,9,5120,2,225,562,432,0.9613333333333334,0.9592242424242425,0.7537090914028731,301.0161528449971
IoT_Original_Distribution,10q_2p5k,1,L1,qiskit_light,10,6144,0,225,562,432,0.9533333333333334,0.9482123298305163,0.6897892465381865,122.26062833401375
IoT_Original_Distribution,10q_2p5k,2,L2,qiskit_medium,1,42,0,195,592,372,0.9666666666666667,0.9648484848484848,0.7888743678291347,328.6760090950411
IoT_Original_Distribution,10q_2p5k,2,L2,qiskit_medium,2,123,1,195,592,372,0.956,0.9532309545317675,0.7163778151602925,328.7668117771391
IoT_Original_Distribution,10q_2p5k,2,L2,qiskit_medium,3,456,2,195,592,372,0.9546666666666667,0.9530885270447316,0.7163470439122962,322.51405704114586
IoT_Original_Distribution,10q_2p5k,2,L2,qiskit_medium,4,789,0,195,592,372,0.9666666666666667,0.9656311975272157,0.7932418273770223,295.35317909298465
IoT_Original_Distribution,10q_2p5k,2,L2,qiskit_medium,5,1024,1,195,592,372,0.964,0.9617344173441734,0.770034608905654,316.81527938484214
IoT_Original_Distribution,10q_2p5k,2,L2,qiskit_medium,6,2048,2,195,592,372,0.9666666666666667,0.9642792217780681,0.7872629194402451,321.5138285099529
IoT_Original_Distribution,10q_2p5k,2,L2,qiskit_medium,7,3072,0,195,592,372,0.964,0.9620363636363636,0.7712917296160039,289.4820246088784
IoT_Original_Distribution,10q_2p5k,2,L2,qiskit_medium,8,4096,1,195,592,372,0.96,0.9565895656013148,0.7400917247011043,323.86700429418124
IoT_Original_Distribution,10q_2p5k,2,L2,qiskit_medium,9,5120,2,195,592,372,0.9533333333333334,0.9491344840585623,0.6924213734244238,323.83699485100806
IoT_Original_Distribution,10q_2p5k,2,L2,qiskit_medium,10,6144,0,195,592,372,0.9533333333333334,0.9482123298305163,0.6897892465381865,131.96274199010804
IoT_Original_Distribution,10q_2p5k,3,L3,qiskit_heavy,1,42,0,195,592,372,0.9666666666666667,0.9648484848484848,0.7888743678291347,327.5572634199634
IoT_Original_Distribution,10q_2p5k,3,L3,qiskit_heavy,2,123,1,195,592,372,0.956,0.9532309545317675,0.7163778151602925,327.7707112901844
IoT_Original_Distribution,10q_2p5k,3,L3,qiskit_heavy,3,456,2,195,592,372,0.9533333333333334,0.9507878787878786,0.7009611767634808,320.30701477406546
IoT_Original_Distribution,10q_2p5k,3,L3,qiskit_heavy,4,789,0,195,592,372,0.9666666666666667,0.9656311975272157,0.7932418273770223,302.1864686489571
IoT_Original_Distribution,10q_2p5k,3,L3,qiskit_heavy,5,1024,1,195,592,372,0.96,0.9569565217391305,0.7411188857944132,329.9568811710924
IoT_Original_Distribution,10q_2p5k,3,L3,qiskit_heavy,6,2048,2,195,592,372,0.9706666666666667,0.9691864790554746,0.8156096576071376,330.08288041409105
IoT_Original_Distribution,10q_2p5k,3,L3,qiskit_heavy,7,3072,0,195,592,372,0.964,0.9620363636363636,0.7712917296160039,268.26042617089115
IoT_Original_Distribution,10q_2p5k,3,L3,qiskit_heavy,8,4096,1,195,592,372,0.9613333333333334,0.9582155584898695,0.7498401166884983,320.26258933194913
IoT_Original_Distribution,10q_2p5k,3,L3,qiskit_heavy,9,5120,2,195,592,372,0.96,0.9569565217391305,0.7411188857944132,315.24301291792654
IoT_Original_Distribution,10q_2p5k,3,L3,qiskit_heavy,10,6144,0,195,592,372,0.9533333333333334,0.9482123298305163,0.6897892465381865,142.0251414088998
